place_name,location_id,name,web_url,address_obj,ancestors,latitude,longitude,timezone,phone,write_review,ranking_data,rating,rating_image_url,num_reviews,review_rating_count,subratings,photo_count,see_all_photos,features,cuisine,category,subcategory,neighborhood_info,trip_types,awards
Jasmine Restaurant,14996685,Pochentong New Town Restaurant,https://www.tripadvisor.com/Restaurant_Review-g293940-d14996685-Reviews-Pochentong_New_Town_Restaurant-Phnom_Penh.html?m=66827,"{'street1': 'No. A01, Confederation de la Russie Blvd 110', 'city': 'Phnom Penh', 'country': 'Cambodia', 'postalcode': '12405', 'address_string': 'No. A01, Confederation de la Russie Blvd 110, Phnom Penh 12405 Cambodia'}","[{'level': 'City', 'name': 'Phnom Penh', 'location_id': '293940'}, {'level': 'Country', 'name': 'Cambodia', 'location_id': '293939'}]",11.56209,104.85485,Asia/Phnom_Penh,+855 12 726 736,https://www.tripadvisor.com/UserReview-g293940-d14996685-Pochentong_New_Town_Restaurant-Phnom_Penh.html?m=66827,"{'geo_location_id': '293940', 'ranking_string': '#1,246 of 1,983 Places to Eat in Phnom Penh', 'geo_location_name': 'Phnom Penh', 'ranking_out_of': '1983', 'ranking': '1246'}",3.0,https://www.tripadvisor.com/img/cdsi/img2/ratings/traveler/3.0-66827-5.svg,1,"{'1': '0', '2': '0', '3': '1', '4': '0', '5': '0'}",{},1,https://www.tripadvisor.com/Restaurant_Review-g293940-d14996685-m66827-Reviews-Pochentong_New_Town_Restaurant-Phnom_Penh.html#photos,[],"[{'name': 'chinese', 'localized_name': 'Chinese'}, {'name': 'asian', 'localized_name': 'Asian'}, {'name': 'vietnamese', 'localized_name': 'Vietnamese'}, {'name': 'cambodian', 'localized_name': 'Cambodian'}]","{'name': 'restaurant', 'localized_name': 'Restaurant'}",[],[],"[{'name': 'business', 'localized_name': 'Business', 'value': '0'}, {'name': 'couples', 'localized_name': 'Couples', 'value': '0'}, {'name': 'solo', 'localized_name': 'Solo travel', 'value': '1'}, {'name': 'family', 'localized_name': 'Family', 'value': '0'}, {'name': 'friends', 'localized_name': 'Friends getaway', 'value': '0'}]",[]
Domrey Coffee,3404660,The Terrace Coffee Phnom Penh Tmey,https://www.tripadvisor.com/Restaurant_Review-g293940-d3404660-Reviews-The_Terrace_Coffee_Phnom_Penh_Tmey-Phnom_Penh.html?m=66827,"{'street1': 'No. 15C Street 1986', 'street2': 'Phnom Penh Tmey', 'city': 'Phnom Penh', 'country': 'Cambodia', 'address_string': 'No. 15C Street 1986 Phnom Penh Tmey, Phnom Penh Cambodia'}","[{'level': 'City', 'name': 'Phnom Penh', 'location_id': '293940'}, {'level': 'Country', 'name': 'Cambodia', 'location_id': '293939'}]",11.57381,104.87917,Asia/Phnom_Penh,https://www.tripadvisor.com/UserReview-g293940-d3404660-The_Terrace_Coffee_Phnom_Penh_Tmey-Phnom_Penh.html?m=66827,"{'geo_location_id': '293940', 'ranking_string': '#1,295 of 1,983 Places to Eat in Phnom Penh', 'geo_location_name': 'Phnom Penh', 'ranking_out_of': '1983', 'ranking': '1295'}",2.5,https://www.tripadvisor.com/img/cdsi/img2/ratings/traveler/2.5-66827-5.svg,3,"{'1': '1', '2': '1', '3': '0', '4': '1', '5': '0'}","{'0': {'name': 'rate_food', 'localized_name': 'Food', 'rating_image_url': 'https://static.tacdn.com/img2/ratings/traveler/ss4.0.svg', 'value': '4.0'}, '1': {'name': 'rate_atmosphere', 'localized_name': 'Atmosphere', 'rating_image_url': 'https://static.tacdn.com/img2/ratings/traveler/ss4.0.svg', 'value': '4.0'}, '2': {'name': 'rate_service', 'localized_name': 'Service', 'rating_image_url': 'https://static.tacdn.com/img2/ratings/traveler/ss5.0.svg', 'value': '5.0'}, '3': {'name': 'rate_value', 'localized_name': 'Value', 'rating_image_url': 'https://static.tacdn.com/img2/ratings/traveler/ss4.0.svg', 'value': '4.0'}}",11,https://www.tripadvisor.com/Restaurant_Review-g293940-d3404660-m66827-Reviews-The_Terrace_Coffee_Phnom_Penh_Tmey-Phnom_Penh.html#photos,"{'periods': [{'open': {'day': 1, 'time': '0600'}, 'close': {'day': 1, 'time': '0900'}}, {'open': {'day': 2, 'time': '0600'}, 'close': {'day': 2, 'time': '0900'}}, {'open': {'day': 3, 'time': '0600'}, 'close': {'day': 3, 'time': '0900'}}, {'open': {'day': 4, 'time': '0600'}, 'close': {'day': 4, 'time': '0900'}}, {'open': {'day': 5, 'time': '0600'}, 'close': {'day': 5, 'time': '0900'}}, {'open': {'day': 6, 'time': '0600'}, 'close': {'day': 6, 'time': '0900'}}, {'open': {'day': 7, 'time': '0600'}, 'close': {'day': 7, 'time': '0900'}}], 'weekday_text': ['Monday: 06:00 - 09:00', 'Tuesday: 06:00 - 09:00', 'Wednesday: 06:00 - 09:00', 'Thursday: 06:00 - 09:00', 'Friday: 06:00 - 09:00', 'Saturday: 06:00 - 09:00', 'Sunday: 06:00 - 09:00']}",[],"[{'name': 'asian', 'localized_name': 'Asian'}]","{'name': 'restaurant', 'localized_name': 'Restaurant'}","[{'name': 'sit_down', 'localized_name': 'Sit down'}]",[],"[{'name': 'business', 'localized_name': 'Business', 'value': '0'}, {'name': 'couples', 'localized_name': 'Couples', 'value': '0'}, {'name': 'solo', 'localized_name': 'Solo travel', 'value': '0'}, {'name': 'family', 'localized_name': 'Family', 'value': '2'}, {'name': 'friends', 'localized_name': 'Friends getaway', 'value': '1'}]",[]
Bongchu Cambodia,9604106,Giant Ibis Transport,"Giant Ibis Transport takes pride in its name, inspired by the national bird of Cambodia, the Giant Ibis. Since its inception in 2012, the company has been a trustworthy name in the bus industry. They live by their motto ""safe, reliable, responsible"" and strive to provide their customers with exceptional service, always putting passengers' safety and comfort above everything else. Giant Ibis offers a variety of routes within Cambodia and beyond, connecting the Kingdom with neighbouring Thailand and Vietnam. Whether it's a trip to the magnificent Angkor Wat in Siem Reap, the beautiful coastal resort of Sihanoukville, or the charming towns of Kep and Kampot, they have got you covered. They also offer routes from Siem Reap to Bangkok and from Phnom Penh to Ho Chi Minh City.",https://www.tripadvisor.com/Attraction_Review-g293940-d9604106-Reviews-Giant_Ibis_Transport-Phnom_Penh.html?m=66827,"{'street1': 'Sivutha Road, Pub Street', 'street2': 'Krong Siem Reap', 'city': 'Phnom Penh', 'country': 'Cambodia', 'postalcode': '12202', 'address_string': 'Sivutha Road, Pub Street Krong Siem Reap, Phnom Penh 12202 Cambodia'}","[{'level': 'City', 'name': 'Phnom Penh', 'location_id': '293940'}, {'level': 'Country', 'name': 'Cambodia', 'location_id': '293939'}]",11.559166,104.86667,Asia/Phnom_Penh,info@giantibis.com,+855 96 999 3333,http://www.giantibis.com/,https://www.tripadvisor.com/UserReview-g293940-d9604106-Giant_Ibis_Transport-Phnom_Penh.html?m=66827,"{'geo_location_id': '293940', 'ranking_string': '#26 of 185 Transportation in Phnom Penh', 'geo_location_name': 'Phnom Penh', 'ranking_out_of': '185', 'ranking': '26'}",4.0,https://www.tripadvisor.com/img/cdsi/img2/ratings/traveler/4.0-66827-5.svg,2244,"{'1': '231', '2': '131', '3': '221', '4': '627', '5': '1034'}",701,https://www.tripadvisor.com/Attraction_Review-g293940-d9604106-m66827-Reviews-Giant_Ibis_Transport-Phnom_Penh.html#photos,"{'name': 'attraction', 'localized_name': 'Attraction'}","[{'name': 'transportation', 'localized_name': 'Transportation'}, {'name': 'attractions', 'localized_name': 'Attractions'}]","[{'name': 'Transportation', 'localized_name': 'Transportation', 'categories': [{'name': 'Bus Transportation', 'localized_name': 'Bus Transportation'}]}]",[],"[{'name': 'business', 'localized_name': 'Business', 'value': '34'}, {'name': 'couples', 'localized_name': 'Couples', 'value': '973'}, {'name': 'solo', 'localized_name': 'Solo travel', 'value': '462'}, {'name': 'family', 'localized_name': 'Family', 'value': '207'}, {'name': 'friends', 'localized_name': 'Friends getaway', 'value': '358'}]","[{'award_type': 'Travelers Choice', 'year': '2024', 'images': {'tiny': 'https://static.tacdn.com/img2/travelers_choice/widgets/tchotel_2024_L.png', 'small': 'https://static.tacdn.com/img2/travelers_choice/widgets/tchotel_2024_L.png', 'large': 'https://static.tacdn.com/img2/travelers_choice/widgets/tchotel_2024_L.png'}, 'categories': [], 'display_name': 'Travelers Choice'}, {'award_type': 'Travelers Choice', 'year': '2023', 'images': {'tiny': 'https://static.tacdn.com/img2/travelers_choice/widgets/tchotel_2023_L.png', 'small': 'https://static.tacdn.com/img2/travelers_choice/widgets/tchotel_2023_L.png', 'large': 'https://static.tacdn.com/img2/travelers_choice/widgets/tchotel_2023_L.png'}, 'categories': [], 'display_name': 'Travelers Choice'}]"
Tous les Jours - Cambodia,10715690,Tous les Jours,Authentic Bakery - The best bakery shop in Cambodia,https://www.tripadvisor.com/Restaurant_Review-g293940-d10715690-Reviews-Tous_les_Jours-Phnom_Penh.html?m=66827,"{'street1': '#15C, St 1986', 'street2': 'Sangkat PPT, Khan Sen Sok, Phnom Penh', 'city': 'Phnom Penh', 'country': 'Cambodia', 'address_string': '#15C, St 1986 Sangkat PPT, Khan Sen Sok, Phnom Penh, Phnom Penh Cambodia'}","[{'level': 'City', 'name': 'Phnom Penh', 'location_id': '293940'}, {'level': 'Country', 'name': 'Cambodia', 'location_id': '293939'}]",11.573825,104.87789,Asia/Phnom_Penh,tljppt@touslesjours.com.kh,+855 93 601 777,http://touslesjours.com.kh/,https://www.tripadvisor.com/UserReview-g293940-d10715690-Tous_les_Jours-Phnom_Penh.html?m=66827,"{'geo_location_id': '293940', 'ranking_string': '#1,187 of 1,983 Places to Eat in Phnom Penh', 'geo_location_name': 'Phnom Penh', 'ranking_out_of': '1983', 'ranking': '1187'}",3.5,https://www.tripadvisor.com/img/cdsi/img2/ratings/traveler/3.5-66827-5.svg,3,"{'1': '0', '2': '1', '3': '0', '4': '2', '5': '0'}","{'0': {'name': 'rate_food', 'localized_name': 'Food', 'rating_image_url': 'https://static.tacdn.com/img2/ratings/traveler/ss3.0.svg', 'value': '3.0'}, '1': {'name': 'rate_service', 'localized_name': 'Service', 'rating_image_url': 'https://static.tacdn.com/img2/ratings/traveler/ss3.0.svg', 'value': '3.0'}}",1,https://www.tripadvisor.com/Restaurant_Review-g293940-d10715690-m66827-Reviews-Tous_les_Jours-Phnom_Penh.html#photos,$,[],"[{'name': 'cafe', 'localized_name': 'Cafe'}, {'name': 'fast_food', 'localized_name': 'Fast Food'}]","{'name': 'restaurant', 'localized_name': 'Restaurant'}","[{'name': 'fast_food', 'localized_name': 'Fast food'}]",[],"[{'name': 'business', 'localized_name': 'Business', 'value': '0'}, {'name': 'couples', 'localized_name': 'Couples', 'value': '1'}, {'name': 'solo', 'localized_name': 'Solo travel', 'value': '1'}, {'name': 'family', 'localized_name': 'Family', 'value': '0'}, {'name': 'friends', 'localized_name': 'Friends getaway', 'value': '0'}]",[]
18 រីករាយ,4885905,18 Sen Sok Guesthouse,https://www.tripadvisor.com/Hotel_Review-g293940-d4885905-Reviews-18_Sen_Sok_Guesthouse-Phnom_Penh.html?m=66827,"{'street1': 'Street 18, Sen Sok', 'city': 'Phnom Penh', 'country': 'Cambodia', 'postalcode': '8550', 'address_string': 'Street 18, Sen Sok, Phnom Penh 8550 Cambodia'}","[{'level': 'City', 'name': 'Phnom Penh', 'location_id': '293940'}, {'level': 'Country', 'name': 'Cambodia', 'location_id': '293939'}]",11.571946,104.87931,Asia/Phnom_Penh,https://www.tripadvisor.com/UserReview-g293940-d4885905-18_Sen_Sok_Guesthouse-Phnom_Penh.html?m=66827,0,{},0,https://www.tripadvisor.com/Hotel_Review-g293940-d4885905-m66827-Reviews-18_Sen_Sok_Guesthouse-Phnom_Penh.html#photos,[],"{'name': 'hotel', 'localized_name': 'Hotel'}","[{'name': 'bb', 'localized_name': 'Bed and Breakfast'}]",[],[],"[{'name': 'business', 'localized_name': 'Business', 'value': '0'}, {'name': 'couples', 'localized_name': 'Couples', 'value': '0'}, {'name': 'solo', 'localized_name': 'Solo travel', 'value': '0'}, {'name': 'family', 'localized_name': 'Family', 'value': '0'}, {'name': 'friends', 'localized_name': 'Friends getaway', 'value': '0'}]",[]
Cafe Republic,17326335,Sulbing Cafe Midtown,"You can expect a very special experience with Sulbing, a relaxing space with plenty of sweet things! Coziness and comfort foods all round. Our world famous Bingsu comes with different unique flavours which will have you bubbling with delight as you swirl the flavours in your mouth. Our team are warm and considerate, giving you plenty of space to chill with your desserts, toasts and other drinks.",https://www.tripadvisor.com/Restaurant_Review-g293940-d17326335-Reviews-Sulbing_Cafe_Midtown-Phnom_Penh.html?m=66827,"{'street1': 'Midtown Community Mall, St 2004', 'street2': 'Unit 102', 'city': 'Phnom Penh', 'country': 'Cambodia', 'address_string': 'Midtown Community Mall, St 2004 Unit 102, Phnom Penh Cambodia'}","[{'level': 'City', 'name': 'Phnom Penh', 'location_id': '293940'}, {'level': 'Country', 'name': 'Cambodia', 'location_id': '293939'}]",11.552722,104.87979,Asia/Phnom_Penh,info@jintairoong.com,+855 10 988 829,http://www.sulbingcambodia.com/,https://www.tripadvisor.com/UserReview-g293940-d17326335-Sulbing_Cafe_Midtown-Phnom_Penh.html?m=66827,"{'geo_location_id': '293940', 'ranking_string': '#431 of 1,983 Places to Eat in Phnom Penh', 'geo_location_name': 'Phnom Penh', 'ranking_out_of': '1983', 'ranking': '431'}",5.0,https://www.tripadvisor.com/img/cdsi/img2/ratings/traveler/5.0-66827-5.svg,10,"{'1': '0', '2': '0', '3': '0', '4': '0', '5': '10'}","{'0': {'name': 'rate_food', 'localized_name': 'Food', 'rating_image_url': 'https://static.tacdn.com/img2/ratings/traveler/ss5.0.svg', 'value': '5.0'}, '1': {'name': 'rate_service', 'localized_name': 'Service', 'rating_image_url': 'https://static.tacdn.com/img2/ratings/traveler/ss5.0.svg', 'value': '5.0'}, '2': {'name': 'rate_value', 'localized_name': 'Value', 'rating_image_url': 'https://static.tacdn.com/img2/ratings/traveler/ss5.0.svg', 'value': '5.0'}}",6,https://www.tripadvisor.com/Restaurant_Review-g293940-d17326335-m66827-Reviews-Sulbing_Cafe_Midtown-Phnom_Penh.html#photos,$$ - $$$,"{'periods': [{'open': {'day': 1, 'time': '0900'}, 'close': {'day': 1, 'time': '2200'}}, {'open': {'day': 2, 'time': '0900'}, 'close': {'day': 2, 'time': '2200'}}, {'open': {'day': 3, 'time': '0900'}, 'close': {'day': 3, 'time': '2200'}}, {'open': {'day': 4, 'time': '0900'}, 'close': {'day': 4, 'time': '2200'}}, {'open': {'day': 5, 'time': '0900'}, 'close': {'day': 5, 'time': '2200'}}, {'open': {'day': 6, 'time': '0900'}, 'close': {'day': 6, 'time': '2200'}}, {'open': {'day': 7, 'time': '0900'}, 'close': {'day': 7, 'time': '2200'}}], 'weekday_text': ['Monday: 09:00 - 22:00', 'Tuesday: 09:00 - 22:00', 'Wednesday: 09:00 - 22:00', 'Thursday: 09:00 - 22:00', 'Friday: 09:00 - 22:00', 'Saturday: 09:00 - 22:00', 'Sunday: 09:00 - 22:00']}","['Delivery', 'Free off-street parking', 'Free Wifi', 'Highchairs Available', 'Parking Available', 'Reservations', 'Street Parking', 'Takeout', 'Validated Parking', 'Wheelchair Accessible']","[{'name': 'cafe', 'localized_name': 'Cafe'}, {'name': 'asian', 'localized_name': 'Asian'}, {'name': 'korean', 'localized_name': 'Korean'}, {'name': 'fast_food', 'localized_name': 'Fast Food'}, {'name': 'international', 'localized_name': 'International'}]","{'name': 'restaurant', 'localized_name': 'Restaurant'}","[{'name': 'cafe', 'localized_name': 'Café'}]",[],"[{'name': 'business', 'localized_name': 'Business', 'value': '0'}, {'name': 'couples', 'localized_name': 'Couples', 'value': '1'}, {'name': 'solo', 'localized_name': 'Solo travel', 'value': '0'}, {'name': 'family', 'localized_name': 'Family', 'value': '0'}, {'name': 'friends', 'localized_name': 'Friends getaway', 'value': '4'}]",[]
The Pizza Company - Attwood,24073665,The Pizza Company - Attwood,https://www.tripadvisor.com/Restaurant_Review-g293940-d24073665-Reviews-The_Pizza_Company_Attwood-Phnom_Penh.html?m=66827,"{'street1': 'Attwood Bussiness Center, No. 23 Russian Federatio', 'city': 'Phnom Penh', 'country': 'Cambodia', 'address_string': 'Attwood Bussiness Center, No. 23 Russian Federatio, Phnom Penh Cambodia'}","[{'level': 'City', 'name': 'Phnom Penh', 'location_id': '293940'}, {'level': 'Country', 'name': 'Cambodia', 'location_id': '293939'}]",11.562796,104.86605,Asia/Phnom_Penh,+855 23 880 880,https://www.tripadvisor.com/UserReview-g293940-d24073665-The_Pizza_Company_Attwood-Phnom_Penh.html?m=66827,0,{},0,https://www.tripadvisor.com/Restaurant_Review-g293940-d24073665-m66827-Reviews-The_Pizza_Company_Attwood-Phnom_Penh.html#photos,"{'periods': [{'open': {'day': 1, 'time': '1000'}, 'close': {'day': 1, 'time': '2200'}}, {'open': {'day': 2, 'time': '1000'}, 'close': {'day': 2, 'time': '2200'}}, {'open': {'day': 3, 'time': '1000'}, 'close': {'day': 3, 'time': '2200'}}, {'open': {'day': 4, 'time': '1000'}, 'close': {'day': 4, 'time': '2200'}}, {'open': {'day': 5, 'time': '1000'}, 'close': {'day': 5, 'time': '1800'}}, {'open': {'day': 6, 'time': '1000'}, 'close': {'day': 6, 'time': '1800'}}, {'open': {'day': 7, 'time': '1000'}, 'close': {'day': 7, 'time': '1800'}}], 'weekday_text': ['Monday: 10:00 - 22:00', 'Tuesday: 10:00 - 22:00', 'Wednesday: 10:00 - 22:00', 'Thursday: 10:00 - 22:00', 'Friday: 10:00 - 18:00', 'Saturday: 10:00 - 18:00', 'Sunday: 10:00 - 18:00']}",[],"[{'name': 'italian', 'localized_name': 'Italian'}, {'name': 'thai', 'localized_name': 'Thai'}]","{'name': 'restaurant', 'localized_name': 'Restaurant'}",[],[],"[{'name': 'business', 'localized_name': 'Business', 'value': '0'}, {'name': 'couples', 'localized_name': 'Couples', 'value': '0'}, {'name': 'solo', 'localized_name': 'Solo travel', 'value': '0'}, {'name': 'family', 'localized_name': 'Family', 'value': '0'}, {'name': 'friends', 'localized_name': 'Friends getaway', 'value': '0'}]",[]
ភោជនីយដ្ឋាន ពោធិ៍ចិនតុង,27462100,Blackbamboo Craft Brewery And Restaurant ភោជនីយដ្ឋាន ឫស្សីខ្មៅ,https://www.tripadvisor.com/Restaurant_Review-g293940-d27462100-Reviews-Blackbamboo_Craft_Brewery_And_Restaurant-Phnom_Penh.html?m=66827,"{'street1': 'Tycoon Island', 'city': 'Phnom Penh', 'country': 'Cambodia', 'address_string': 'Tycoon Island, Phnom Penh Cambodia'}","[{'level': 'City', 'name': 'Phnom Penh', 'location_id': '293940'}, {'level': 'Country', 'name': 'Cambodia', 'location_id': '293939'}]",11.32127,105.10434,Asia/Phnom_Penh,+855 10 297 887,https://www.tripadvisor.com/UserReview-g293940-d27462100-Blackbamboo_Craft_Brewery_And_Restaurant-Phnom_Penh.html?m=66827,0,{},14,https://www.tripadvisor.com/Restaurant_Review-g293940-d27462100-m66827-Reviews-Blackbamboo_Craft_Brewery_And_Restaurant-Phnom_Penh.html#photos,"{'periods': [{'open': {'day': 1, 'time': '0900'}, 'close': {'day': 1, 'time': '2100'}}, {'open': {'day': 2, 'time': '0900'}, 'close': {'day': 2, 'time': '2100'}}, {'open': {'day': 3, 'time': '0900'}, 'close': {'day': 3, 'time': '2100'}}, {'open': {'day': 4, 'time': '0900'}, 'close': {'day': 4, 'time': '2100'}}, {'open': {'day': 5, 'time': '0900'}, 'close': {'day': 5, 'time': '2100'}}, {'open': {'day': 6, 'time': '0900'}, 'close': {'day': 6, 'time': '2100'}}, {'open': {'day': 7, 'time': '0900'}, 'close': {'day': 7, 'time': '2100'}}], 'weekday_text': ['Monday: 09:00 - 21:00', 'Tuesday: 09:00 - 21:00', 'Wednesday: 09:00 - 21:00', 'Thursday: 09:00 - 21:00', 'Friday: 09:00 - 21:00', 'Saturday: 09:00 - 21:00', 'Sunday: 09:00 - 21:00']}",[],"[{'name': 'asian', 'localized_name': 'Asian'}, {'name': 'cambodian', 'localized_name': 'Cambodian'}]","{'name': 'restaurant', 'localized_name': 'Restaurant'}",[],[],"[{'name': 'business', 'localized_name': 'Business', 'value': '0'}, {'name': 'couples', 'localized_name': 'Couples', 'value': '0'}, {'name': 'solo', 'localized_name': 'Solo travel', 'value': '0'}, {'name': 'family', 'localized_name': 'Family', 'value': '0'}, {'name': 'friends', 'localized_name': 'Friends getaway', 'value': '0'}]",[]
I2 168 Restaurant,17851040,Jars of Clay 2,"Jars of Clay is a western-café located on the south of Toul Tom Phoung (Russian Market). We serve Western & Asian Food. Our best is the home-made cake. In 2015, we launched a second café in Phnom Penh (located near the Phnom Penh Airport - in Phnom Penh Thmey area), which enables us to serve many new customers based in the north of the city now.",https://www.tripadvisor.com/Restaurant_Review-g293940-d17851040-Reviews-Jars_of_Clay_2-Phnom_Penh.html?m=66827,"{'street1': 'Supermarket 1 & 1, Oknha Try Heng Street', 'city': 'Phnom Penh', 'country': 'Cambodia', 'postalcode': '12101', 'address_string': 'Supermarket 1 & 1, Oknha Try Heng Street, Phnom Penh 12101 Cambodia'}","[{'level': 'City', 'name': 'Phnom Penh', 'location_id': '293940'}, {'level': 'Country', 'name': 'Cambodia', 'location_id': '293939'}]",11.581205,104.8532,Asia/Phnom_Penh,info@jarsofclay.asia,+855 92 674 975,http://jarsofclay.asia,https://www.tripadvisor.com/UserReview-g293940-d17851040-Jars_of_Clay_2-Phnom_Penh.html?m=66827,"{'geo_location_id': '293940', 'ranking_string': '#906 of 1,983 Places to Eat in Phnom Penh', 'geo_location_name': 'Phnom Penh', 'ranking_out_of': '1983', 'ranking': '906'}",4.5,https://www.tripadvisor.com/img/cdsi/img2/ratings/traveler/4.5-66827-5.svg,2,"{'1': '0', '2': '0', '3': '0', '4': '1', '5': '1'}","{'0': {'name': 'rate_food', 'localized_name': 'Food', 'rating_image_url': 'https://static.tacdn.com/img2/ratings/traveler/ss5.0.svg', 'value': '5.0'}, '1': {'name': 'rate_service', 'localized_name': 'Service', 'rating_image_url': 'https://static.tacdn.com/img2/ratings/traveler/ss5.0.svg', 'value': '5.0'}, '2': {'name': 'rate_value', 'localized_name': 'Value', 'rating_image_url': 'https://static.tacdn.com/img2/ratings/traveler/ss5.0.svg', 'value': '5.0'}}",13,https://www.tripadvisor.com/Restaurant_Review-g293940-d17851040-m66827-Reviews-Jars_of_Clay_2-Phnom_Penh.html#photos,$,"{'periods': [{'open': {'day': 1, 'time': '0730'}, 'close': {'day': 1, 'time': '2000'}}, {'open': {'day': 2, 'time': '0730'}, 'close': {'day': 2, 'time': '2000'}}, {'open': {'day': 3, 'time': '0730'}, 'close': {'day': 3, 'time': '2000'}}, {'open': {'day': 4, 'time': '0730'}, 'close': {'day': 4, 'time': '2000'}}, {'open': {'day': 5, 'time': '0730'}, 'close': {'day': 5, 'time': '2000'}}, {'open': {'day': 6, 'time': '0730'}, 'close': {'day': 6, 'time': '2000'}}], 'weekday_text': ['Monday: 07:30 - 20:00', 'Tuesday: 07:30 - 20:00', 'Wednesday: 07:30 - 20:00', 'Thursday: 07:30 - 20:00', 'Friday: 07:30 - 20:00', 'Saturday: 07:30 - 20:00', 'Sunday: Closed']}","['Parking Available', 'Reservations', 'Seating', 'Takeout']","[{'name': 'american', 'localized_name': 'American'}, {'name': 'southwestern', 'localized_name': 'Southwestern'}, {'name': 'asian', 'localized_name': 'Asian'}, {'name': 'british', 'localized_name': 'British'}, {'name': 'australian', 'localized_name': 'Australian'}]","{'name': 'restaurant', 'localized_name': 'Restaurant'}","[{'name': 'cafe', 'localized_name': 'Café'}]",[],"[{'name': 'business', 'localized_name': 'Business', 'value': '0'}, {'name': 'couples', 'localized_name': 'Couples', 'value': '0'}, {'name': 'solo', 'localized_name': 'Solo travel', 'value': '0'}, {'name': 'family', 'localized_name': 'Family', 'value': '1'}, {'name': 'friends', 'localized_name': 'Friends getaway', 'value': '0'}]",[]
Phnom Penh Coffee Corner,9604106,Giant Ibis Transport,"Giant Ibis Transport takes pride in its name, inspired by the national bird of Cambodia, the Giant Ibis. Since its inception in 2012, the company has been a trustworthy name in the bus industry. They live by their motto ""safe, reliable, responsible"" and strive to provide their customers with exceptional service, always putting passengers' safety and comfort above everything else. Giant Ibis offers a variety of routes within Cambodia and beyond, connecting the Kingdom with neighbouring Thailand and Vietnam. Whether it's a trip to the magnificent Angkor Wat in Siem Reap, the beautiful coastal resort of Sihanoukville, or the charming towns of Kep and Kampot, they have got you covered. They also offer routes from Siem Reap to Bangkok and from Phnom Penh to Ho Chi Minh City.",https://www.tripadvisor.com/Attraction_Review-g293940-d9604106-Reviews-Giant_Ibis_Transport-Phnom_Penh.html?m=66827,"{'street1': 'Sivutha Road, Pub Street', 'street2': 'Krong Siem Reap', 'city': 'Phnom Penh', 'country': 'Cambodia', 'postalcode': '12202', 'address_string': 'Sivutha Road, Pub Street Krong Siem Reap, Phnom Penh 12202 Cambodia'}","[{'level': 'City', 'name': 'Phnom Penh', 'location_id': '293940'}, {'level': 'Country', 'name': 'Cambodia', 'location_id': '293939'}]",11.559166,104.86667,Asia/Phnom_Penh,info@giantibis.com,+855 96 999 3333,http://www.giantibis.com/,https://www.tripadvisor.com/UserReview-g293940-d9604106-Giant_Ibis_Transport-Phnom_Penh.html?m=66827,"{'geo_location_id': '293940', 'ranking_string': '#26 of 185 Transportation in Phnom Penh', 'geo_location_name': 'Phnom Penh', 'ranking_out_of': '185', 'ranking': '26'}",4.0,https://www.tripadvisor.com/img/cdsi/img2/ratings/traveler/4.0-66827-5.svg,2244,"{'1': '231', '2': '131', '3': '221', '4': '627', '5': '1034'}",701,https://www.tripadvisor.com/Attraction_Review-g293940-d9604106-m66827-Reviews-Giant_Ibis_Transport-Phnom_Penh.html#photos,"{'name': 'attraction', 'localized_name': 'Attraction'}","[{'name': 'transportation', 'localized_name': 'Transportation'}, {'name': 'attractions', 'localized_name': 'Attractions'}]","[{'name': 'Transportation', 'localized_name': 'Transportation', 'categories': [{'name': 'Bus Transportation', 'localized_name': 'Bus Transportation'}]}]",[],"[{'name': 'business', 'localized_name': 'Business', 'value': '34'}, {'name': 'couples', 'localized_name': 'Couples', 'value': '973'}, {'name': 'solo', 'localized_name': 'Solo travel', 'value': '462'}, {'name': 'family', 'localized_name': 'Family', 'value': '207'}, {'name': 'friends', 'localized_name': 'Friends getaway', 'value': '358'}]","[{'award_type': 'Travelers Choice', 'year': '2024', 'images': {'tiny': 'https://static.tacdn.com/img2/travelers_choice/widgets/tchotel_2024_L.png', 'small': 'https://static.tacdn.com/img2/travelers_choice/widgets/tchotel_2024_L.png', 'large': 'https://static.tacdn.com/img2/travelers_choice/widgets/tchotel_2024_L.png'}, 'categories': [], 'display_name': 'Travelers Choice'}, {'award_type': 'Travelers Choice', 'year': '2023', 'images': {'tiny': 'https://static.tacdn.com/img2/travelers_choice/widgets/tchotel_2023_L.png', 'small': 'https://static.tacdn.com/img2/travelers_choice/widgets/tchotel_2023_L.png', 'large': 'https://static.tacdn.com/img2/travelers_choice/widgets/tchotel_2023_L.png'}, 'categories': [], 'display_name': 'Travelers Choice'}]"
Thank You Cafe,13382877,Thank You Cafe,Quaint and friendly cafe in the heart of the art community in Boeung Kak Lake. Best sandwiches in town! Soya sauce and the best homemade chili added upon request. Service with a smile. Come and say hello!,https://www.tripadvisor.com/Restaurant_Review-g293940-d13382877-Reviews-Thank_You_Cafe-Phnom_Penh.html?m=66827,"{'street1': '#8A, Street 94, Boeung Kak Lake', 'city': 'Phnom Penh', 'country': 'Cambodia', 'address_string': '#8A, Street 94, Boeung Kak Lake, Phnom Penh Cambodia'}","[{'level': 'City', 'name': 'Phnom Penh', 'location_id': '293940'}, {'level': 'Country', 'name': 'Cambodia', 'location_id': '293939'}]",11.571748,104.86998,Asia/Phnom_Penh,leelee.cambodia@gmail.com,+855 17 799 715,https://www.tripadvisor.com/UserReview-g293940-d13382877-Thank_You_Cafe-Phnom_Penh.html?m=66827,0,{},0,https://www.tripadvisor.com/Restaurant_Review-g293940-d13382877-m66827-Reviews-Thank_You_Cafe-Phnom_Penh.html#photos,$,[],"[{'name': 'asian', 'localized_name': 'Asian'}, {'name': 'cambodian', 'localized_name': 'Cambodian'}]","{'name': 'restaurant', 'localized_name': 'Restaurant'}","[{'name': 'cafe', 'localized_name': 'Café'}]",[],"[{'name': 'business', 'localized_name': 'Business', 'value': '0'}, {'name': 'couples', 'localized_name': 'Couples', 'value': '0'}, {'name': 'solo', 'localized_name': 'Solo travel', 'value': '0'}, {'name': 'family', 'localized_name': 'Family', 'value': '0'}, {'name': 'friends', 'localized_name': 'Friends getaway', 'value': '0'}]",[]
មករា 168,9728274,Phum Sach Ang 168,Piphup Sachang 168 is most leading barbecue restaurant in the city that we guarantee all the customers will deserved very perfect meal with various of meats and others delicious foods from our profession chef.,https://www.tripadvisor.com/Restaurant_Review-g612362-d9728274-Reviews-Phum_Sach_Ang_168-Phume_Phnom_Battambang_Province.html?m=66827,"{'street1': '#20 street 488 Psa Derm Tkov', 'city': 'Phume Phnom', 'state': 'Battambang Province', 'country': 'Cambodia', 'address_string': '#20 street 488 Psa Derm Tkov, Phume Phnom Cambodia'}","[{'level': 'City', 'name': 'Phume Phnom', 'location_id': '612362'}, {'level': 'Province', 'name': 'Battambang Province', 'location_id': '2366626'}, {'level': 'Country', 'name': 'Cambodia', 'location_id': '293939'}]",11.579409,104.89019,Asia/Phnom_Penh,+855 86 780 168,https://www.facebook.com/PhumSachAng168/,https://www.tripadvisor.com/UserReview-g612362-d9728274-Phum_Sach_Ang_168-Phume_Phnom_Battambang_Province.html?m=66827,"{'geo_location_id': '612362', 'ranking_string': '#2 of 8 Places to Eat in Phume Phnom', 'geo_location_name': 'Phume Phnom', 'ranking_out_of': '8', 'ranking': '2'}",4.0,https://www.tripadvisor.com/img/cdsi/img2/ratings/traveler/4.0-66827-5.svg,2,"{'1': '0', '2': '0', '3': '1', '4': '0', '5': '1'}","{'0': {'name': 'rate_food', 'localized_name': 'Food', 'rating_image_url': 'https://static.tacdn.com/img2/ratings/traveler/ss4.0.svg', 'value': '4.0'}, '1': {'name': 'rate_service', 'localized_name': 'Service', 'rating_image_url': 'https://static.tacdn.com/img2/ratings/traveler/ss5.0.svg', 'value': '5.0'}, '2': {'name': 'rate_value', 'localized_name': 'Value', 'rating_image_url': 'https://static.tacdn.com/img2/ratings/traveler/ss5.0.svg', 'value': '5.0'}}",0,https://www.tripadvisor.com/Restaurant_Review-g612362-d9728274-m66827-Reviews-Phum_Sach_Ang_168-Phume_Phnom_Battambang_Province.html#photos,$,[],"[{'name': 'chinese', 'localized_name': 'Chinese'}, {'name': 'barbecue', 'localized_name': 'Barbecue'}, {'name': 'asian', 'localized_name': 'Asian'}, {'name': 'thai', 'localized_name': 'Thai'}, {'name': 'cambodian', 'localized_name': 'Cambodian'}]","{'name': 'restaurant', 'localized_name': 'Restaurant'}","[{'name': 'sit_down', 'localized_name': 'Sit down'}]",[],"[{'name': 'business', 'localized_name': 'Business', 'value': '0'}, {'name': 'couples', 'localized_name': 'Couples', 'value': '1'}, {'name': 'solo', 'localized_name': 'Solo travel', 'value': '0'}, {'name': 'family', 'localized_name': 'Family', 'value': '0'}, {'name': 'friends', 'localized_name': 'Friends getaway', 'value': '0'}]",[]
Stellar Café and Car Wash,13971068,Dance Bakery & Cafe Sensok Branch,"Modern bakery shop with variety of bread , cookie, and cake. We sell base on quality and hygiene , most breads are baked in the morning 6am, and sold out 8pm in the same day. Bread are mostly freshly baked, and of high quality.",https://www.tripadvisor.com/Restaurant_Review-g293940-d13971068-Reviews-Dance_Bakery_Cafe_Sensok_Branch-Phnom_Penh.html?m=66827,"{'street1': '# 338 Street Mongrithy, Phnom Penh Thmey', 'city': 'Phnom Penh', 'country': 'Cambodia', 'postalcode': '12101', 'address_string': '# 338 Street Mongrithy, Phnom Penh Thmey, Phnom Penh 12101 Cambodia'}","[{'level': 'City', 'name': 'Phnom Penh', 'location_id': '293940'}, {'level': 'Country', 'name': 'Cambodia', 'location_id': '293939'}]",11.589762,104.87251,Asia/Phnom_Penh,zaneth89apex@gmail.com,+855 11 705 533,http://www.facebook.com/Dance-Bakery-Cafe-430527454040609/,https://www.tripadvisor.com/UserReview-g293940-d13971068-Dance_Bakery_Cafe_Sensok_Branch-Phnom_Penh.html?m=66827,"{'geo_location_id': '293940', 'ranking_string': '#775 of 1,983 Places to Eat in Phnom Penh', 'geo_location_name': 'Phnom Penh', 'ranking_out_of': '1983', 'ranking': '775'}",5.0,https://www.tripadvisor.com/img/cdsi/img2/ratings/traveler/5.0-66827-5.svg,3,"{'1': '0', '2': '0', '3': '0', '4': '0', '5': '3'}",{},7,https://www.tripadvisor.com/Restaurant_Review-g293940-d13971068-m66827-Reviews-Dance_Bakery_Cafe_Sensok_Branch-Phnom_Penh.html#photos,$$ - $$$,[],"[{'name': 'japanese', 'localized_name': 'Japanese'}, {'name': 'european', 'localized_name': 'European'}, {'name': 'central_european', 'localized_name': 'Central European'}]","{'name': 'restaurant', 'localized_name': 'Restaurant'}","[{'name': 'cafe', 'localized_name': 'Café'}]",[],"[{'name': 'business', 'localized_name': 'Business', 'value': '1'}, {'name': 'couples', 'localized_name': 'Couples', 'value': '0'}, {'name': 'solo', 'localized_name': 'Solo travel', 'value': '0'}, {'name': 'family', 'localized_name': 'Family', 'value': '1'}, {'name': 'friends', 'localized_name': 'Friends getaway', 'value': '0'}]",[]
24 ម៉ោងឌ្រីង,10841207,3 bedrooms Apartment near Russian Market (high-speed Internet + generator 24/24),"In a new residence near the Russian hospital and Sovanna Shopping Center.
Completely new (2016) and equipped, this apartment of 132 sqm consists of 3 bedrooms, an open kitchen with dining area and a large living room.
high speed internet with optical fiber 38Mbps
Access to the gym , rooftop terrace with plunge pool overlooking offer a nice panoramic view of the city.

Main entrance direct from the quiet street
Restaurant with pool table, souvenirs shop and wine cellar on the ground floor.",https://www.tripadvisor.com/VacationRentalReview-g293940-d10841207-3_bedrooms_Apartment_near_Russian_Market_high_speed_Internet_generator_24_24-Phnom_Pe.html?m=66827,"{'street1': '', 'street2': '', 'city': 'Phnom Penh', 'country': 'Cambodia', 'postalcode': '', 'address_string': 'Phnom Penh Cambodia'}","[{'level': 'City', 'name': 'Phnom Penh', 'location_id': '293940'}, {'level': 'Country', 'name': 'Cambodia', 'location_id': '293939'}]",11.5389,104.90416,Asia/Phnom_Penh,https://www.tripadvisor.com/UserReview-g293940-d10841207-3_bedrooms_Apartment_near_Russian_Market_high_speed_Internet_generator_24_24-Phnom_Penh.html?m=66827,5.0,https://www.tripadvisor.com/img/cdsi/img2/ratings/traveler/5.0-66827-5.svg,3,"{'1': '0', '2': '0', '3': '0', '4': '0', '5': '3'}",{},0,https://www.tripadvisor.com/VacationRentalReview-g293940-d10841207-m66827-3_bedrooms_Apartment_near_Russian_Market_high_speed_Internet_generator_24_24-Phnom_Pe.html#photos,"{'name': 'hotel', 'localized_name': 'Hotel'}","[{'name': 'vr', 'localized_name': 'vacation rentals'}]",[],"[{'name': 'business', 'localized_name': 'Business', 'value': '0'}, {'name': 'couples', 'localized_name': 'Couples', 'value': '0'}, {'name': 'solo', 'localized_name': 'Solo travel', 'value': '0'}, {'name': 'family', 'localized_name': 'Family', 'value': '0'}, {'name': 'friends', 'localized_name': 'Friends getaway', 'value': '0'}]",[]
Tai Xing Restaurant,12641546,Edamame Japanese Restaurant,"Reasonable Japanese restaurant opened on end of June 2017 located in front of AEON mall. Appetizers starts from $1.0～. $3.0～ Sashimi & sashimi (tuna, salmon etc..), $3.5～ roll sushi (California roll, salmon roll, others) and other Japanese foods (ramen, grilled saba, karaage) as well as other foods also available. Party Package Available! Delivery also available!",https://www.tripadvisor.com/Restaurant_Review-g293940-d12641546-Reviews-Edamame_Japanese_Restaurant-Phnom_Penh.html?m=66827,"{'street1': '165 Sothearos Boulevard', 'street2': 'opposite Aeon Mall', 'city': 'Phnom Penh', 'country': 'Cambodia', 'address_string': '165 Sothearos Boulevard opposite Aeon Mall, Phnom Penh Cambodia'}","[{'level': 'City', 'name': 'Phnom Penh', 'location_id': '293940'}, {'level': 'Country', 'name': 'Cambodia', 'location_id': '293939'}]",11.579409,104.88381,Asia/Phnom_Penh,zaimachida1985@gmail.com,+855 77 863 117,https://www.tripadvisor.com/UserReview-g293940-d12641546-Edamame_Japanese_Restaurant-Phnom_Penh.html?m=66827,"{'geo_location_id': '293940', 'ranking_string': '#368 of 1,983 Places to Eat in Phnom Penh', 'geo_location_name': 'Phnom Penh', 'ranking_out_of': '1983', 'ranking': '368'}",5.0,https://www.tripadvisor.com/img/cdsi/img2/ratings/traveler/5.0-66827-5.svg,17,"{'1': '0', '2': '0', '3': '0', '4': '2', '5': '15'}","{'0': {'name': 'rate_food', 'localized_name': 'Food', 'rating_image_url': 'https://static.tacdn.com/img2/ratings/traveler/ss5.0.svg', 'value': '5.0'}, '1': {'name': 'rate_service', 'localized_name': 'Service', 'rating_image_url': 'https://static.tacdn.com/img2/ratings/traveler/ss5.0.svg', 'value': '5.0'}, '2': {'name': 'rate_value', 'localized_name': 'Value', 'rating_image_url': 'https://static.tacdn.com/img2/ratings/traveler/ss5.0.svg', 'value': '5.0'}}",34,https://www.tripadvisor.com/Restaurant_Review-g293940-d12641546-m66827-Reviews-Edamame_Japanese_Restaurant-Phnom_Penh.html#photos,$$ - $$$,"{'periods': [{'open': {'day': 1, 'time': '1100'}, 'close': {'day': 1, 'time': '0000'}}, {'open': {'day': 2, 'time': '1100'}, 'close': {'day': 2, 'time': '0000'}}, {'open': {'day': 3, 'time': '1100'}, 'close': {'day': 3, 'time': '0000'}}, {'open': {'day': 4, 'time': '1100'}, 'close': {'day': 4, 'time': '0000'}}, {'open': {'day': 5, 'time': '1100'}, 'close': {'day': 5, 'time': '0000'}}, {'open': {'day': 6, 'time': '1100'}, 'close': {'day': 6, 'time': '0000'}}], 'weekday_text': ['Monday: 11:00 - 00:00', 'Tuesday: 11:00 - 00:00', 'Wednesday: 11:00 - 00:00', 'Thursday: 11:00 - 00:00', 'Friday: 11:00 - 00:00', 'Saturday: 11:00 - 00:00', 'Sunday: Closed']}","['Accepts Credit Cards', 'Delivery', 'Free off-street parking', 'Free Wifi', 'Full Bar', 'Reservations', 'Seating', 'Serves Alcohol', 'Table Service', 'Takeout', 'Wine and Beer']","[{'name': 'japanese', 'localized_name': 'Japanese'}]","{'name': 'restaurant', 'localized_name': 'Restaurant'}","[{'name': 'sit_down', 'localized_name': 'Sit down'}]",[],"[{'name': 'business', 'localized_name': 'Business', 'value': '1'}, {'name': 'couples', 'localized_name': 'Couples', 'value': '1'}, {'name': 'solo', 'localized_name': 'Solo travel', 'value': '4'}, {'name': 'family', 'localized_name': 'Family', 'value': '3'}, {'name': 'friends', 'localized_name': 'Friends getaway', 'value': '8'}]",[]
Amazon Dey Hoy,10024052,Cafe Amazon,https://www.tripadvisor.com/Restaurant_Review-g293940-d10024052-Reviews-Cafe_Amazon-Phnom_Penh.html?m=66827,"{'street1': 'No.320 Street 128, Sangkat, Matt Peap, Khan 7 Makara', 'city': 'Phnom Penh', 'country': 'Cambodia', 'address_string': 'No.320 Street 128, Sangkat, Matt Peap, Khan 7 Makara, Phnom Penh Cambodia'}","[{'level': 'City', 'name': 'Phnom Penh', 'location_id': '293940'}, {'level': 'Country', 'name': 'Cambodia', 'location_id': '293939'}]",11.550243,104.91724,Asia/Phnom_Penh,cafe.amazon@ptt.com.kh,+855 15 421 542,http://www.facebook.com/pages/Caf%C3%A9-Amazon/574382535951068,https://www.tripadvisor.com/UserReview-g293940-d10024052-Cafe_Amazon-Phnom_Penh.html?m=66827,"{'geo_location_id': '293940', 'ranking_string': '#542 of 1,983 Places to Eat in Phnom Penh', 'geo_location_name': 'Phnom Penh', 'ranking_out_of': '1983', 'ranking': '542'}",4.0,https://www.tripadvisor.com/img/cdsi/img2/ratings/traveler/4.0-66827-5.svg,27,"{'1': '2', '2': '1', '3': '6', '4': '10', '5': '8'}","{'0': {'name': 'rate_food', 'localized_name': 'Food', 'rating_image_url': 'https://static.tacdn.com/img2/ratings/traveler/ss4.5.svg', 'value': '4.5'}, '1': {'name': 'rate_service', 'localized_name': 'Service', 'rating_image_url': 'https://static.tacdn.com/img2/ratings/traveler/ss4.5.svg', 'value': '4.5'}, '2': {'name': 'rate_value', 'localized_name': 'Value', 'rating_image_url': 'https://static.tacdn.com/img2/ratings/traveler/ss4.5.svg', 'value': '4.5'}}",17,https://www.tripadvisor.com/Restaurant_Review-g293940-d10024052-m66827-Reviews-Cafe_Amazon-Phnom_Penh.html#photos,$$ - $$$,"['Seating', 'Takeout', 'Wheelchair Accessible']","[{'name': 'cafe', 'localized_name': 'Cafe'}]","{'name': 'restaurant', 'localized_name': 'Restaurant'}","[{'name': 'cafe', 'localized_name': 'Café'}]",[],"[{'name': 'business', 'localized_name': 'Business', 'value': '1'}, {'name': 'couples', 'localized_name': 'Couples', 'value': '2'}, {'name': 'solo', 'localized_name': 'Solo travel', 'value': '10'}, {'name': 'family', 'localized_name': 'Family', 'value': '2'}, {'name': 'friends', 'localized_name': 'Friends getaway', 'value': '8'}]",[]
Aloha Ono,5484783,Aloha Ono,"We are the only one Hawaiian restaurant in Cambodia Phnom penh. We hand-picked menu items from Hawaiian cuisine that the owner found ""Ono!!"" (""Delicious"" in Hawaiian). ""Japanese"" lady run ""Hawaiian"" restaurant in ""Cambodia"". It's sound little bit interesting, isn't it? Hawaiian cuisine was influenced by many cultures, so our menu is International fusion style as well. I hope you will stop by and enjoy our ""Onolicious=Delicious"" menu on the way you go airport to town. Our restaurant is very near from Dara airport hotel and 9 dragon hotel. Also to you can reach only in 10min by tuk tuk to Phnom penh international airport.",https://www.tripadvisor.com/Restaurant_Review-g293940-d5484783-Reviews-Aloha_Ono-Phnom_Penh.html?m=66827,"{'street1': '# 16-B St. Northbridge,Sangkat Toeuk Thla', 'street2': 'Khan Sensok', 'city': 'Phnom Penh', 'country': 'Cambodia', 'postalcode': '12101', 'address_string': '# 16-B St. Northbridge,Sangkat Toeuk Thla Khan Sensok, Phnom Penh 12101 Cambodia'}","[{'level': 'City', 'name': 'Phnom Penh', 'location_id': '293940'}, {'level': 'Country', 'name': 'Cambodia', 'location_id': '293939'}]",11.562412,104.87073,Asia/Phnom_Penh,info@aloha-ono.com,+855 10 302 405,http://www.aloha-ono.com/,https://www.tripadvisor.com/UserReview-g293940-d5484783-Aloha_Ono-Phnom_Penh.html?m=66827,"{'geo_location_id': '293940', 'ranking_string': '#269 of 1,983 Places to Eat in Phnom Penh', 'geo_location_name': 'Phnom Penh', 'ranking_out_of': '1983', 'ranking': '269'}",4.5,https://www.tripadvisor.com/img/cdsi/img2/ratings/traveler/4.5-66827-5.svg,42,"{'1': '1', '2': '2', '3': '2', '4': '5', '5': '32'}","{'0': {'name': 'rate_food', 'localized_name': 'Food', 'rating_image_url': 'https://static.tacdn.com/img2/ratings/traveler/ss5.0.svg', 'value': '5.0'}, '1': {'name': 'rate_atmosphere', 'localized_name': 'Atmosphere', 'rating_image_url': 'https://static.tacdn.com/img2/ratings/traveler/ss5.0.svg', 'value': '5.0'}, '2': {'name': 'rate_service', 'localized_name': 'Service', 'rating_image_url': 'https://static.tacdn.com/img2/ratings/traveler/ss5.0.svg', 'value': '5.0'}, '3': {'name': 'rate_value', 'localized_name': 'Value', 'rating_image_url': 'https://static.tacdn.com/img2/ratings/traveler/ss5.0.svg', 'value': '5.0'}}",155,https://www.tripadvisor.com/Restaurant_Review-g293940-d5484783-m66827-Reviews-Aloha_Ono-Phnom_Penh.html#photos,$$ - $$$,"{'periods': [{'open': {'day': 1, 'time': '1030'}, 'close': {'day': 1, 'time': '1400'}}, {'open': {'day': 1, 'time': '1700'}, 'close': {'day': 1, 'time': '2200'}}, {'open': {'day': 2, 'time': '1030'}, 'close': {'day': 2, 'time': '1400'}}, {'open': {'day': 2, 'time': '1700'}, 'close': {'day': 2, 'time': '2200'}}, {'open': {'day': 3, 'time': '1030'}, 'close': {'day': 3, 'time': '1400'}}, {'open': {'day': 3, 'time': '1700'}, 'close': {'day': 3, 'time': '2200'}}, {'open': {'day': 4, 'time': '1030'}, 'close': {'day': 4, 'time': '1400'}}, {'open': {'day': 4, 'time': '1700'}, 'close': {'day': 4, 'time': '2200'}}, {'open': {'day': 5, 'time': '1030'}, 'close': {'day': 5, 'time': '1400'}}, {'open': {'day': 5, 'time': '1700'}, 'close': {'day': 5, 'time': '2200'}}, {'open': {'day': 6, 'time': '1030'}, 'close': {'day': 6, 'time': '1400'}}, {'open': {'day': 6, 'time': '1700'}, 'close': {'day': 6, 'time': '2200'}}], 'weekday_text': ['Monday: 10:30 - 14:00,  17:00 - 22:00', 'Tuesday: 10:30 - 14:00,  17:00 - 22:00', 'Wednesday: 10:30 - 14:00,  17:00 - 22:00', 'Thursday: 10:30 - 14:00,  17:00 - 22:00', 'Friday: 10:30 - 14:00,  17:00 - 22:00', 'Saturday: 10:30 - 14:00,  17:00 - 22:00', 'Sunday: Closed']}","['Accepts Credit Cards', 'Cash Only', 'Delivery', 'Family style', 'Free Wifi', 'Full Bar', 'Outdoor Seating', 'Reservations', 'Seating', 'Serves Alcohol', 'Table Service', 'Takeout', 'Television', 'Wheelchair Accessible', 'Wine and Beer']","[{'name': 'japanese', 'localized_name': 'Japanese'}, {'name': 'american', 'localized_name': 'American'}, {'name': 'hawaiian', 'localized_name': 'Hawaiian'}, {'name': 'italian', 'localized_name': 'Italian'}, {'name': 'asian', 'localized_name': 'Asian'}, {'name': 'polynesian', 'localized_name': 'Polynesian'}]","{'name': 'restaurant', 'localized_name': 'Restaurant'}","[{'name': 'sit_down', 'localized_name': 'Sit down'}]",[],"[{'name': 'business', 'localized_name': 'Business', 'value': '3'}, {'name': 'couples', 'localized_name': 'Couples', 'value': '5'}, {'name': 'solo', 'localized_name': 'Solo travel', 'value': '11'}, {'name': 'family', 'localized_name': 'Family', 'value': '2'}, {'name': 'friends', 'localized_name': 'Friends getaway', 'value': '16'}]",[]
Coffee Time Ratana Plaza,3404660,The Terrace Coffee Phnom Penh Tmey,https://www.tripadvisor.com/Restaurant_Review-g293940-d3404660-Reviews-The_Terrace_Coffee_Phnom_Penh_Tmey-Phnom_Penh.html?m=66827,"{'street1': 'No. 15C Street 1986', 'street2': 'Phnom Penh Tmey', 'city': 'Phnom Penh', 'country': 'Cambodia', 'address_string': 'No. 15C Street 1986 Phnom Penh Tmey, Phnom Penh Cambodia'}","[{'level': 'City', 'name': 'Phnom Penh', 'location_id': '293940'}, {'level': 'Country', 'name': 'Cambodia', 'location_id': '293939'}]",11.57381,104.87917,Asia/Phnom_Penh,https://www.tripadvisor.com/UserReview-g293940-d3404660-The_Terrace_Coffee_Phnom_Penh_Tmey-Phnom_Penh.html?m=66827,"{'geo_location_id': '293940', 'ranking_string': '#1,295 of 1,983 Places to Eat in Phnom Penh', 'geo_location_name': 'Phnom Penh', 'ranking_out_of': '1983', 'ranking': '1295'}",2.5,https://www.tripadvisor.com/img/cdsi/img2/ratings/traveler/2.5-66827-5.svg,3,"{'1': '1', '2': '1', '3': '0', '4': '1', '5': '0'}","{'0': {'name': 'rate_food', 'localized_name': 'Food', 'rating_image_url': 'https://static.tacdn.com/img2/ratings/traveler/ss4.0.svg', 'value': '4.0'}, '1': {'name': 'rate_atmosphere', 'localized_name': 'Atmosphere', 'rating_image_url': 'https://static.tacdn.com/img2/ratings/traveler/ss4.0.svg', 'value': '4.0'}, '2': {'name': 'rate_service', 'localized_name': 'Service', 'rating_image_url': 'https://static.tacdn.com/img2/ratings/traveler/ss5.0.svg', 'value': '5.0'}, '3': {'name': 'rate_value', 'localized_name': 'Value', 'rating_image_url': 'https://static.tacdn.com/img2/ratings/traveler/ss4.0.svg', 'value': '4.0'}}",11,https://www.tripadvisor.com/Restaurant_Review-g293940-d3404660-m66827-Reviews-The_Terrace_Coffee_Phnom_Penh_Tmey-Phnom_Penh.html#photos,"{'periods': [{'open': {'day': 1, 'time': '0600'}, 'close': {'day': 1, 'time': '0900'}}, {'open': {'day': 2, 'time': '0600'}, 'close': {'day': 2, 'time': '0900'}}, {'open': {'day': 3, 'time': '0600'}, 'close': {'day': 3, 'time': '0900'}}, {'open': {'day': 4, 'time': '0600'}, 'close': {'day': 4, 'time': '0900'}}, {'open': {'day': 5, 'time': '0600'}, 'close': {'day': 5, 'time': '0900'}}, {'open': {'day': 6, 'time': '0600'}, 'close': {'day': 6, 'time': '0900'}}, {'open': {'day': 7, 'time': '0600'}, 'close': {'day': 7, 'time': '0900'}}], 'weekday_text': ['Monday: 06:00 - 09:00', 'Tuesday: 06:00 - 09:00', 'Wednesday: 06:00 - 09:00', 'Thursday: 06:00 - 09:00', 'Friday: 06:00 - 09:00', 'Saturday: 06:00 - 09:00', 'Sunday: 06:00 - 09:00']}",[],"[{'name': 'asian', 'localized_name': 'Asian'}]","{'name': 'restaurant', 'localized_name': 'Restaurant'}","[{'name': 'sit_down', 'localized_name': 'Sit down'}]",[],"[{'name': 'business', 'localized_name': 'Business', 'value': '0'}, {'name': 'couples', 'localized_name': 'Couples', 'value': '0'}, {'name': 'solo', 'localized_name': 'Solo travel', 'value': '0'}, {'name': 'family', 'localized_name': 'Family', 'value': '2'}, {'name': 'friends', 'localized_name': 'Friends getaway', 'value': '1'}]",[]
My Food Court,19464983,My House,"Products: Western and Cuisine Food. Cocktail, Coffee and Desert. Location: Sisovat High school, Prince super marjket. Price: Reasonable price Currency: US dollar and KHM Riel",https://www.tripadvisor.com/Restaurant_Review-g293940-d19464983-Reviews-My_House-Phnom_Penh.html?m=66827,"{'street1': '174 Street 51 Corner Street', 'city': 'Phnom Penh', 'country': 'Cambodia', 'postalcode': '12000', 'address_string': '174 Street 51 Corner Street, Phnom Penh 12000 Cambodia'}","[{'level': 'City', 'name': 'Phnom Penh', 'location_id': '293940'}, {'level': 'Country', 'name': 'Cambodia', 'location_id': '293939'}]",11.564864,104.923706,Asia/Phnom_Penh,sarean100@gmail.com,+855 92 727 454,http://www.facebook.com/pg/My-House-1799823300031540/about/,https://www.tripadvisor.com/UserReview-g293940-d19464983-My_House-Phnom_Penh.html?m=66827,"{'geo_location_id': '293940', 'ranking_string': '#721 of 1,983 Places to Eat in Phnom Penh', 'geo_location_name': 'Phnom Penh', 'ranking_out_of': '1983', 'ranking': '721'}",5.0,https://www.tripadvisor.com/img/cdsi/img2/ratings/traveler/5.0-66827-5.svg,3,"{'1': '0', '2': '0', '3': '0', '4': '0', '5': '3'}","{'0': {'name': 'rate_food', 'localized_name': 'Food', 'rating_image_url': 'https://static.tacdn.com/img2/ratings/traveler/ss5.0.svg', 'value': '5.0'}, '1': {'name': 'rate_service', 'localized_name': 'Service', 'rating_image_url': 'https://static.tacdn.com/img2/ratings/traveler/ss5.0.svg', 'value': '5.0'}, '2': {'name': 'rate_value', 'localized_name': 'Value', 'rating_image_url': 'https://static.tacdn.com/img2/ratings/traveler/ss5.0.svg', 'value': '5.0'}}",10,https://www.tripadvisor.com/Restaurant_Review-g293940-d19464983-m66827-Reviews-My_House-Phnom_Penh.html#photos,$,"{'periods': [{'open': {'day': 1, 'time': '0000'}, 'close': {'day': 1, 'time': '2359'}}, {'open': {'day': 2, 'time': '0000'}, 'close': {'day': 2, 'time': '2359'}}, {'open': {'day': 3, 'time': '0000'}, 'close': {'day': 3, 'time': '2359'}}, {'open': {'day': 4, 'time': '0000'}, 'close': {'day': 4, 'time': '2359'}}, {'open': {'day': 5, 'time': '0000'}, 'close': {'day': 5, 'time': '2359'}}, {'open': {'day': 6, 'time': '0000'}, 'close': {'day': 6, 'time': '2359'}}, {'open': {'day': 7, 'time': '0000'}, 'close': {'day': 7, 'time': '2359'}}], 'weekday_text': ['Monday: 00:00 - 23:59', 'Tuesday: 00:00 - 23:59', 'Wednesday: 00:00 - 23:59', 'Thursday: 00:00 - 23:59', 'Friday: 00:00 - 23:59', 'Saturday: 00:00 - 23:59', 'Sunday: 00:00 - 23:59']}","['Cash Only', 'Delivery', 'Family style', 'Free Wifi', 'Outdoor Seating', 'Parking Available', 'Reservations', 'Seating', 'Serves Alcohol', 'Street Parking', 'Television', 'Wheelchair Accessible', 'Wine and Beer']","[{'name': 'chinese', 'localized_name': 'Chinese'}, {'name': 'european', 'localized_name': 'European'}, {'name': 'asian', 'localized_name': 'Asian'}, {'name': 'thai', 'localized_name': 'Thai'}, {'name': 'central_european', 'localized_name': 'Central European'}, {'name': 'cambodian', 'localized_name': 'Cambodian'}]","{'name': 'restaurant', 'localized_name': 'Restaurant'}","[{'name': 'sit_down', 'localized_name': 'Sit down'}]",[],"[{'name': 'business', 'localized_name': 'Business', 'value': '0'}, {'name': 'couples', 'localized_name': 'Couples', 'value': '0'}, {'name': 'solo', 'localized_name': 'Solo travel', 'value': '0'}, {'name': 'family', 'localized_name': 'Family', 'value': '0'}, {'name': 'friends', 'localized_name': 'Friends getaway', 'value': '2'}]",[]
Dream Environment,2669068,Dream Guesthouse,https://www.tripadvisor.com/Hotel_Review-g293940-d2669068-Reviews-Dream_Guesthouse-Phnom_Penh.html?m=66827,"{'street1': '154 No. 88D, Dekcho Damdin (St.', 'street2': '', 'city': 'Phnom Penh', 'country': 'Cambodia', 'postalcode': '12000', 'address_string': '154 No. 88D, Dekcho Damdin (St., Phnom Penh 12000 Cambodia'}","[{'level': 'City', 'name': 'Phnom Penh', 'location_id': '293940'}, {'level': 'Country', 'name': 'Cambodia', 'location_id': '293939'}]",11.566643,104.920845,Asia/Phnom_Penh,https://www.tripadvisor.com/UserReview-g293940-d2669068-Dream_Guesthouse-Phnom_Penh.html?m=66827,"{'geo_location_id': '293940', 'ranking_string': '#176 of 351 Specialty lodging in Phnom Penh', 'geo_location_name': 'Phnom Penh', 'ranking_out_of': '351', 'ranking': '176'}",3.0,https://www.tripadvisor.com/img/cdsi/img2/ratings/traveler/3.0-66827-5.svg,9,"{'1': '1', '2': '3', '3': '2', '4': '3', '5': '0'}","{'0': {'name': 'rate_location', 'localized_name': 'Location', 'rating_image_url': 'https://static.tacdn.com/img2/ratings/traveler/ss3.5.svg', 'value': '3.5'}, '1': {'name': 'rate_sleep', 'localized_name': 'Sleep Quality', 'rating_image_url': 'https://static.tacdn.com/img2/ratings/traveler/ss2.5.svg', 'value': '2.5'}, '2': {'name': 'rate_room', 'localized_name': 'Rooms', 'rating_image_url': 'https://static.tacdn.com/img2/ratings/traveler/ss3.0.svg', 'value': '3.0'}, '3': {'name': 'rate_service', 'localized_name': 'Service', 'rating_image_url': 'https://static.tacdn.com/img2/ratings/traveler/ss2.5.svg', 'value': '2.5'}, '4': {'name': 'rate_value', 'localized_name': 'Value', 'rating_image_url': 'https://static.tacdn.com/img2/ratings/traveler/ss3.0.svg', 'value': '3.0'}, '5': {'name': 'rate_cleanliness', 'localized_name': 'Cleanliness', 'rating_image_url': 'https://static.tacdn.com/img2/ratings/traveler/ss3.0.svg', 'value': '3.0'}}",3,https://www.tripadvisor.com/Hotel_Review-g293940-d2669068-m66827-Reviews-Dream_Guesthouse-Phnom_Penh.html#photos,"['Free parking', 'Free Wifi', 'Dry Cleaning', 'Laundry Service', 'Air conditioning', 'Refrigerator in room', 'Non-smoking hotel', 'Housekeeping', 'Additional Bathroom', 'Baggage Storage', 'Bath / Shower', 'Desk', '24-Hour Front Desk', 'Ironing Service', 'Newspaper', 'Telephone']","{'name': 'hotel', 'localized_name': 'Hotel'}","[{'name': 'other', 'localized_name': 'Specialty Lodging'}]",['Quaint'],[],"[{'name': 'business', 'localized_name': 'Business', 'value': '1'}, {'name': 'couples', 'localized_name': 'Couples', 'value': '3'}, {'name': 'solo', 'localized_name': 'Solo travel', 'value': '1'}, {'name': 'family', 'localized_name': 'Family', 'value': '0'}, {'name': 'friends', 'localized_name': 'Friends getaway', 'value': '2'}]",[]
Jin Cha Cambodia,293940,Phnom Penh,"Budget-minded travelers will appreciate Phnom Penh's reasonably priced hotel rooms. Explore the city's temples, palaces, and the remnants of its French colonial history. Just outside the city, the The Killing Fields (Choeung Ek) are a reminder of Cambodia's tragic past-- a somber contrast to the booming city of today.",https://www.tripadvisor.com/Tourism-g293940-Phnom_Penh-Vacations.html?m=66827,"{'street1': '', 'street2': '', 'country': 'Cambodia', 'postalcode': '', 'address_string': 'Phnom Penh Cambodia'}","[{'level': 'Country', 'name': 'Cambodia', 'location_id': '293939'}]",11.563291,104.92013,Asia/Phnom_Penh,https://www.tripadvisor.com/Tourism-g293940-m66827-Phnom_Penh-Vacations.html#photos,"{'name': 'geographic', 'localized_name': 'Geographic'}","[{'name': 'city', 'localized_name': 'City'}]",[],[]
Lewaffle,13111997,Lewaffle,"We offer fresh baked Belgian waffle made from scratch with selected ingredients to ensure on its finest quality. We are currently operating on a yellow food truck that parked opposite of TK Avenue, conjunction of street 516/315 ( Toul Kork area) from 1630- 2030 (except Sunday).",https://www.tripadvisor.com/Restaurant_Review-g293940-d13111997-Reviews-Lewaffle-Phnom_Penh.html?m=66827,"{'street1': 'Street 516/315', 'street2': '(opposite TK avenue)', 'city': 'Phnom Penh', 'country': 'Cambodia', 'postalcode': '12101', 'address_string': 'Street 516/315 (opposite TK avenue), Phnom Penh 12101 Cambodia'}","[{'level': 'City', 'name': 'Phnom Penh', 'location_id': '293940'}, {'level': 'Country', 'name': 'Cambodia', 'location_id': '293939'}]",11.584247,104.89906,Asia/Phnom_Penh,lewaffle.cambodia@gmail.com,+855 70 873 398,http://www.facebook.com/lewafflecambodia/,https://www.tripadvisor.com/UserReview-g293940-d13111997-Lewaffle-Phnom_Penh.html?m=66827,"{'geo_location_id': '293940', 'ranking_string': '#1,137 of 1,983 Places to Eat in Phnom Penh', 'geo_location_name': 'Phnom Penh', 'ranking_out_of': '1983', 'ranking': '1137'}",5.0,https://www.tripadvisor.com/img/cdsi/img2/ratings/traveler/5.0-66827-5.svg,1,"{'1': '0', '2': '0', '3': '0', '4': '0', '5': '1'}","{'0': {'name': 'rate_food', 'localized_name': 'Food', 'rating_image_url': 'https://static.tacdn.com/img2/ratings/traveler/ss5.0.svg', 'value': '5.0'}, '1': {'name': 'rate_service', 'localized_name': 'Service', 'rating_image_url': 'https://static.tacdn.com/img2/ratings/traveler/ss5.0.svg', 'value': '5.0'}, '2': {'name': 'rate_value', 'localized_name': 'Value', 'rating_image_url': 'https://static.tacdn.com/img2/ratings/traveler/ss5.0.svg', 'value': '5.0'}}",6,https://www.tripadvisor.com/Restaurant_Review-g293940-d13111997-m66827-Reviews-Lewaffle-Phnom_Penh.html#photos,$,"{'periods': [{'open': {'day': 1, 'time': '1630'}, 'close': {'day': 1, 'time': '2030'}}, {'open': {'day': 2, 'time': '1630'}, 'close': {'day': 2, 'time': '2030'}}, {'open': {'day': 3, 'time': '1630'}, 'close': {'day': 3, 'time': '2030'}}, {'open': {'day': 4, 'time': '1630'}, 'close': {'day': 4, 'time': '2030'}}, {'open': {'day': 5, 'time': '1630'}, 'close': {'day': 5, 'time': '2030'}}, {'open': {'day': 6, 'time': '1630'}, 'close': {'day': 6, 'time': '2030'}}], 'weekday_text': ['Monday: 16:30 - 20:30', 'Tuesday: 16:30 - 20:30', 'Wednesday: 16:30 - 20:30', 'Thursday: 16:30 - 20:30', 'Friday: 16:30 - 20:30', 'Saturday: 16:30 - 20:30', 'Sunday: Closed']}","['Delivery', 'Street Parking', 'Takeout']","[{'name': 'belgian', 'localized_name': 'Belgian'}, {'name': 'international', 'localized_name': 'International'}, {'name': 'street_food', 'localized_name': 'Street Food'}, {'name': 'cambodian', 'localized_name': 'Cambodian'}]","{'name': 'restaurant', 'localized_name': 'Restaurant'}","[{'name': 'fast_food', 'localized_name': 'Fast food'}]",[],"[{'name': 'business', 'localized_name': 'Business', 'value': '0'}, {'name': 'couples', 'localized_name': 'Couples', 'value': '0'}, {'name': 'solo', 'localized_name': 'Solo travel', 'value': '0'}, {'name': 'family', 'localized_name': 'Family', 'value': '0'}, {'name': 'friends', 'localized_name': 'Friends getaway', 'value': '1'}]",[]
Dara Guesthouse & Thai Food Restaurant,17397549,Olympia City Hotel By Dara,Luxury accommodation with affordable price at the heart of Phnom Penh,https://www.tripadvisor.com/Hotel_Review-g293940-d17397549-Reviews-Olympia_City_Hotel_By_Dara-Phnom_Penh.html?m=66827,"{'street1': '217 Street', 'street2': 'Corner Street 182, Olympia City Building C3, 5th Floor', 'city': 'Phnom Penh', 'country': 'Cambodia', 'postalcode': '12000', 'address_string': '217 Street Corner Street 182, Olympia City Building C3, 5th Floor, Phnom Penh 12000 Cambodia'}","[{'level': 'City', 'name': 'Phnom Penh', 'location_id': '293940'}, {'level': 'Country', 'name': 'Cambodia', 'location_id': '293939'}]",11.561863,104.91263,Asia/Phnom_Penh,https://www.tripadvisor.com/UserReview-g293940-d17397549-Olympia_City_Hotel_By_Dara-Phnom_Penh.html?m=66827,"{'geo_location_id': '293940', 'ranking_string': '#128 of 528 hotels in Phnom Penh', 'geo_location_name': 'Phnom Penh', 'ranking_out_of': '528', 'ranking': '128'}",4.5,https://www.tripadvisor.com/img/cdsi/img2/ratings/traveler/4.5-66827-5.svg,18,"{'1': '1', '2': '0', '3': '1', '4': '0', '5': '16'}","{'0': {'name': 'rate_location', 'localized_name': 'Location', 'rating_image_url': 'https://static.tacdn.com/img2/ratings/traveler/ss4.5.svg', 'value': '4.5'}, '1': {'name': 'rate_sleep', 'localized_name': 'Sleep Quality', 'rating_image_url': 'https://static.tacdn.com/img2/ratings/traveler/ss3.5.svg', 'value': '3.5'}, '2': {'name': 'rate_room', 'localized_name': 'Rooms', 'rating_image_url': 'https://static.tacdn.com/img2/ratings/traveler/ss5.0.svg', 'value': '5.0'}, '3': {'name': 'rate_service', 'localized_name': 'Service', 'rating_image_url': 'https://static.tacdn.com/img2/ratings/traveler/ss4.5.svg', 'value': '4.5'}, '4': {'name': 'rate_value', 'localized_name': 'Value', 'rating_image_url': 'https://static.tacdn.com/img2/ratings/traveler/ss5.0.svg', 'value': '5.0'}, '5': {'name': 'rate_cleanliness', 'localized_name': 'Cleanliness', 'rating_image_url': 'https://static.tacdn.com/img2/ratings/traveler/ss5.0.svg', 'value': '5.0'}}",37,https://www.tripadvisor.com/Hotel_Review-g293940-d17397549-m66827-Reviews-Olympia_City_Hotel_By_Dara-Phnom_Penh.html#photos,$,"['Pool', 'Internet', 'Free Internet', 'Free parking', 'Restaurant', 'Wifi', 'Free Wifi', 'Breakfast included', 'Business center', 'Fitness center', 'Bottled Water', 'Shuttle Bus Service', 'Room service', 'Bar/Lounge', 'Kitchenette', 'Spa', 'Air conditioning', 'Sauna']",Archipelago International,Powered By Archipelago,"{'name': 'hotel', 'localized_name': 'Hotel'}","[{'name': 'hotel', 'localized_name': 'Hotel'}]","['Quaint', 'Business']",[],"[{'name': 'business', 'localized_name': 'Business', 'value': '8'}, {'name': 'couples', 'localized_name': 'Couples', 'value': '1'}, {'name': 'solo', 'localized_name': 'Solo travel', 'value': '2'}, {'name': 'family', 'localized_name': 'Family', 'value': '2'}, {'name': 'friends', 'localized_name': 'Friends getaway', 'value': '2'}]",[]
BBQ - Dr. Car,12572400,Cambodia Private Car Service,"Welcome! The antiquated Kingdom of Cambodia is well known for the warm accommodation it reaches out to guests from around the globe. Guests to our kingdom enter a nation loaded up with fabulous sanctuaries, regular magnificence and world class resorts. Be that as it may, it is the glow and cordiality of the Cambodian individuals that regularly establishes the most profound connection on guests to this great nation. There are three individuals in this page we are exceptionally identity driver&guide with long periods of involvement with Phnom Penh in Cambodia additionally we're extremely legit, cordial, dependable and reliable with work. We are cheerful to drive and show around our nation of origin, particularly, how to keep away from swarmed of Chinese, Korean gathering. We do exchange from Phnom Penh to others urban communities every day like: Phnom Penh to Siem Reap(we can see like creepy crawlies, arachnids, snakes and Sambor Prei Kuk sanctuaries) Phnom Penh to Sihanouk Ville",https://www.tripadvisor.com/Attraction_Review-g293940-d12572400-Reviews-Cambodia_Private_Car_Service-Phnom_Penh.html?m=66827,"{'street1': 'Preah Ang Duong St.110, Phnom Penh, Cambodia', 'city': 'Phnom Penh', 'country': 'Cambodia', 'postalcode': '12000', 'address_string': 'Preah Ang Duong St.110, Phnom Penh, Cambodia, Phnom Penh 12000 Cambodia'}","[{'level': 'City', 'name': 'Phnom Penh', 'location_id': '293940'}, {'level': 'Country', 'name': 'Cambodia', 'location_id': '293939'}]",11.572783,104.92483,Asia/Phnom_Penh,cambodiataxitours17@gmail.com,+855 86 520 007,http://www.cambodiaprivatecarservice.com/,https://www.tripadvisor.com/UserReview-g293940-d12572400-Cambodia_Private_Car_Service-Phnom_Penh.html?m=66827,"{'geo_location_id': '293940', 'ranking_string': '#5 of 185 Transportation in Phnom Penh', 'geo_location_name': 'Phnom Penh', 'ranking_out_of': '185', 'ranking': '5'}",5.0,https://www.tripadvisor.com/img/cdsi/img2/ratings/traveler/5.0-66827-5.svg,369,"{'1': '1', '2': '3', '3': '2', '4': '12', '5': '351'}",180,https://www.tripadvisor.com/Attraction_Review-g293940-d12572400-m66827-Reviews-Cambodia_Private_Car_Service-Phnom_Penh.html#photos,"{'periods': [{'open': {'day': 1, 'time': '0000'}, 'close': {'day': 1, 'time': '2359'}}, {'open': {'day': 2, 'time': '0000'}, 'close': {'day': 2, 'time': '2359'}}, {'open': {'day': 3, 'time': '0000'}, 'close': {'day': 3, 'time': '2359'}}, {'open': {'day': 4, 'time': '0000'}, 'close': {'day': 4, 'time': '2359'}}, {'open': {'day': 5, 'time': '0000'}, 'close': {'day': 5, 'time': '2359'}}, {'open': {'day': 6, 'time': '0000'}, 'close': {'day': 6, 'time': '2359'}}, {'open': {'day': 7, 'time': '0000'}, 'close': {'day': 7, 'time': '2359'}}], 'weekday_text': ['Monday: 00:00 - 23:59', 'Tuesday: 00:00 - 23:59', 'Wednesday: 00:00 - 23:59', 'Thursday: 00:00 - 23:59', 'Friday: 00:00 - 23:59', 'Saturday: 00:00 - 23:59', 'Sunday: 00:00 - 23:59']}","{'name': 'attraction', 'localized_name': 'Attraction'}","[{'name': 'attractions', 'localized_name': 'Attractions'}, {'name': 'transportation', 'localized_name': 'Transportation'}, {'name': 'sightseeing_tours', 'localized_name': 'Tours'}, {'name': 'activities', 'localized_name': 'Activities'}]","[{'name': 'Tours', 'localized_name': 'Tours', 'categories': [{'name': 'Sightseeing Tours', 'localized_name': 'Sightseeing Tours'}, {'name': 'City Tours', 'localized_name': 'City Tours'}, {'name': 'Multi-day Tours', 'localized_name': 'Multi-day Tours'}, {'name': 'Day Trips', 'localized_name': 'Day Trips'}]}, {'name': 'Transportation', 'localized_name': 'Transportation', 'categories': [{'name': 'Taxis & Shuttles', 'localized_name': 'Taxis & Shuttles'}]}]",[],"[{'name': 'business', 'localized_name': 'Business', 'value': '7'}, {'name': 'couples', 'localized_name': 'Couples', 'value': '99'}, {'name': 'solo', 'localized_name': 'Solo travel', 'value': '26'}, {'name': 'family', 'localized_name': 'Family', 'value': '91'}, {'name': 'friends', 'localized_name': 'Friends getaway', 'value': '73'}]","[{'award_type': 'Travelers Choice', 'year': '2024', 'images': {'tiny': 'https://static.tacdn.com/img2/travelers_choice/widgets/tchotel_2024_L.png', 'small': 'https://static.tacdn.com/img2/travelers_choice/widgets/tchotel_2024_L.png', 'large': 'https://static.tacdn.com/img2/travelers_choice/widgets/tchotel_2024_L.png'}, 'categories': [], 'display_name': 'Travelers Choice'}, {'award_type': 'Travelers Choice', 'year': '2023', 'images': {'tiny': 'https://static.tacdn.com/img2/travelers_choice/widgets/tchotel_2023_L.png', 'small': 'https://static.tacdn.com/img2/travelers_choice/widgets/tchotel_2023_L.png', 'large': 'https://static.tacdn.com/img2/travelers_choice/widgets/tchotel_2023_L.png'}, 'categories': [], 'display_name': 'Travelers Choice'}]"
Cherry Seafood & BBQ,18892098,Kuang Seafood Cambodia,"Welcome to the first Kuang Seafood Restaurant in Cambodia. Kuang's seafood dishes were mainly prepared by barbecuing and grilling using the freshest seafood around. The ""Seafood Sauce recipe"" created by Mr. Kuang has been passed down generation to generation. It all starts with finest and freshest ingredients mixed fresh daily, to create as sauce that complements their seafood dishes.",https://www.tripadvisor.com/Restaurant_Review-g293940-d18892098-Reviews-Kuang_Seafood_Cambodia-Phnom_Penh.html?m=66827,"{'street1': 'No.10, St. 282, Bkk1', 'street2': '6f, Baitong Hotel', 'city': 'Phnom Penh', 'country': 'Cambodia', 'postalcode': '12302', 'address_string': 'No.10, St. 282, Bkk1 6f, Baitong Hotel, Phnom Penh 12302 Cambodia'}","[{'level': 'City', 'name': 'Phnom Penh', 'location_id': '293940'}, {'level': 'Country', 'name': 'Cambodia', 'location_id': '293939'}]",11.554427,104.92434,Asia/Phnom_Penh,reservation@kuangseafood.asia,+855 23 230 599,https://www.tripadvisor.com/UserReview-g293940-d18892098-Kuang_Seafood_Cambodia-Phnom_Penh.html?m=66827,5.0,https://www.tripadvisor.com/img/cdsi/img2/ratings/traveler/5.0-66827-5.svg,39,"{'1': '0', '2': '0', '3': '0', '4': '4', '5': '35'}","{'0': {'name': 'rate_food', 'localized_name': 'Food', 'rating_image_url': 'https://static.tacdn.com/img2/ratings/traveler/ss4.5.svg', 'value': '4.5'}, '1': {'name': 'rate_atmosphere', 'localized_name': 'Atmosphere', 'rating_image_url': 'https://static.tacdn.com/img2/ratings/traveler/ss4.0.svg', 'value': '4.0'}, '2': {'name': 'rate_service', 'localized_name': 'Service', 'rating_image_url': 'https://static.tacdn.com/img2/ratings/traveler/ss5.0.svg', 'value': '5.0'}, '3': {'name': 'rate_value', 'localized_name': 'Value', 'rating_image_url': 'https://static.tacdn.com/img2/ratings/traveler/ss4.5.svg', 'value': '4.5'}}",52,https://www.tripadvisor.com/Restaurant_Review-g293940-d18892098-m66827-Reviews-Kuang_Seafood_Cambodia-Phnom_Penh.html#photos,$$ - $$$,"{'periods': [{'open': {'day': 1, 'time': '1100'}, 'close': {'day': 1, 'time': '2200'}}, {'open': {'day': 2, 'time': '1100'}, 'close': {'day': 2, 'time': '2200'}}, {'open': {'day': 3, 'time': '1100'}, 'close': {'day': 3, 'time': '2200'}}, {'open': {'day': 4, 'time': '1100'}, 'close': {'day': 4, 'time': '2200'}}, {'open': {'day': 5, 'time': '1730'}, 'close': {'day': 5, 'time': '2200'}}, {'open': {'day': 6, 'time': '1100'}, 'close': {'day': 6, 'time': '2200'}}, {'open': {'day': 7, 'time': '1100'}, 'close': {'day': 7, 'time': '2200'}}], 'weekday_text': ['Monday: 11:00 - 22:00', 'Tuesday: 11:00 - 22:00', 'Wednesday: 11:00 - 22:00', 'Thursday: 11:00 - 22:00', 'Friday: 17:30 - 22:00', 'Saturday: 11:00 - 22:00', 'Sunday: 11:00 - 22:00']}","['Accepts Credit Cards', 'Accepts Mastercard', 'Accepts Visa', 'Delivery', 'Family style', 'Free off-street parking', 'Free Wifi', 'Non-smoking restaurants', 'Parking Available', 'Private Dining', 'Reservations', 'Seating', 'Serves Alcohol', 'Table Service', 'Takeout', 'Wine and Beer']","[{'name': 'seafood', 'localized_name': 'Seafood'}, {'name': 'asian', 'localized_name': 'Asian'}, {'name': 'thai', 'localized_name': 'Thai'}, {'name': 'soups', 'localized_name': 'Soups'}]","{'name': 'restaurant', 'localized_name': 'Restaurant'}","[{'name': 'sit_down', 'localized_name': 'Sit down'}]",[],"[{'name': 'business', 'localized_name': 'Business', 'value': '1'}, {'name': 'couples', 'localized_name': 'Couples', 'value': '8'}, {'name': 'solo', 'localized_name': 'Solo travel', 'value': '2'}, {'name': 'family', 'localized_name': 'Family', 'value': '11'}, {'name': 'friends', 'localized_name': 'Friends getaway', 'value': '9'}]",[]
The Friends,24981710,Craft 'Beer - Friends - Bbq',"CRAFT serves BBQ inspired home cooking, cocktails and craft beers. Plenty of outdoor seating in a quiet alley situated close to popular shopping area St 240, the Royal Palace and Wat Botum. We have live music 3 times a week, and regular food and drink specials.",https://www.tripadvisor.com/Restaurant_Review-g293940-d24981710-Reviews-Craft_Beer_Friends_Bbq-Phnom_Penh.html?m=66827,"{'street1': '82e0 Street 244', 'street2': 'Palace Lane', 'city': 'Phnom Penh', 'country': 'Cambodia', 'address_string': '82e0 Street 244 Palace Lane, Phnom Penh Cambodia'}","[{'level': 'City', 'name': 'Phnom Penh', 'location_id': '293940'}, {'level': 'Country', 'name': 'Cambodia', 'location_id': '293939'}]",11.560301,104.9302,Asia/Phnom_Penh,+855 69 248 606,https://palacelane.com/craft/,https://www.tripadvisor.com/UserReview-g293940-d24981710-Craft_Beer_Friends_Bbq-Phnom_Penh.html?m=66827,"{'geo_location_id': '293940', 'ranking_string': '#151 of 1,983 Places to Eat in Phnom Penh', 'geo_location_name': 'Phnom Penh', 'ranking_out_of': '1983', 'ranking': '151'}",5.0,https://www.tripadvisor.com/img/cdsi/img2/ratings/traveler/5.0-66827-5.svg,23,"{'1': '0', '2': '0', '3': '0', '4': '3', '5': '20'}","{'0': {'name': 'rate_food', 'localized_name': 'Food', 'rating_image_url': 'https://static.tacdn.com/img2/ratings/traveler/ss5.0.svg', 'value': '5.0'}, '1': {'name': 'rate_service', 'localized_name': 'Service', 'rating_image_url': 'https://static.tacdn.com/img2/ratings/traveler/ss5.0.svg', 'value': '5.0'}, '2': {'name': 'rate_value', 'localized_name': 'Value', 'rating_image_url': 'https://static.tacdn.com/img2/ratings/traveler/ss5.0.svg', 'value': '5.0'}}",37,https://www.tripadvisor.com/Restaurant_Review-g293940-d24981710-m66827-Reviews-Craft_Beer_Friends_Bbq-Phnom_Penh.html#photos,$$ - $$$,"{'periods': [{'open': {'day': 1, 'time': '0700'}, 'close': {'day': 1, 'time': '0000'}}, {'open': {'day': 2, 'time': '1900'}, 'close': {'day': 2, 'time': '0000'}}, {'open': {'day': 3, 'time': '0700'}, 'close': {'day': 3, 'time': '0000'}}, {'open': {'day': 4, 'time': '0700'}, 'close': {'day': 4, 'time': '0000'}}, {'open': {'day': 5, 'time': '0700'}, 'close': {'day': 5, 'time': '0000'}}, {'open': {'day': 6, 'time': '0700'}, 'close': {'day': 6, 'time': '0000'}}, {'open': {'day': 7, 'time': '0700'}, 'close': {'day': 7, 'time': '0000'}}], 'weekday_text': ['Monday: 07:00 - 00:00', 'Tuesday: 19:00 - 00:00', 'Wednesday: 07:00 - 00:00', 'Thursday: 07:00 - 00:00', 'Friday: 07:00 - 00:00', 'Saturday: 07:00 - 00:00', 'Sunday: 07:00 - 00:00']}","['Accepts Credit Cards', 'Delivery', 'Digital Payments', 'Dog Friendly', 'Free Wifi', 'Full Bar', 'Live Music', 'Outdoor Seating', 'Parking Available', 'Reservations', 'Seating', 'Serves Alcohol', 'Street Parking', 'Table Service', 'Takeout', 'Wheelchair Accessible', 'Wine and Beer']","[{'name': 'american', 'localized_name': 'American'}, {'name': 'barbecue', 'localized_name': 'Barbecue'}, {'name': 'cambodian', 'localized_name': 'Cambodian'}, {'name': 'beer_restaurants', 'localized_name': 'Beer restaurants'}, {'name': 'bar', 'localized_name': 'Bar'}, {'name': 'pub', 'localized_name': 'Pub'}]","{'name': 'restaurant', 'localized_name': 'Restaurant'}",[],[],"[{'name': 'business', 'localized_name': 'Business', 'value': '0'}, {'name': 'couples', 'localized_name': 'Couples', 'value': '5'}, {'name': 'solo', 'localized_name': 'Solo travel', 'value': '1'}, {'name': 'family', 'localized_name': 'Family', 'value': '0'}, {'name': 'friends', 'localized_name': 'Friends getaway', 'value': '4'}]",[]
Mab Mab Singapore Chicken Rice,21398109,Mab Mab Singapore Chicken Rice,https://www.tripadvisor.com/Restaurant_Review-g293940-d21398109-Reviews-Mab_Mab_Singapore_Chicken_Rice-Phnom_Penh.html?m=66827,"{'street1': 'Chea Sopara Road, Beside Pannasatra University', 'city': 'Phnom Penh', 'country': 'Cambodia', 'address_string': 'Chea Sopara Road, Beside Pannasatra University, Phnom Penh Cambodia'}","[{'level': 'City', 'name': 'Phnom Penh', 'location_id': '293940'}, {'level': 'Country', 'name': 'Cambodia', 'location_id': '293939'}]",11.56245,104.91601,Asia/Phnom_Penh,+855 66 668 886,https://www.tripadvisor.com/UserReview-g293940-d21398109-Mab_Mab_Singapore_Chicken_Rice-Phnom_Penh.html?m=66827,"{'geo_location_id': '293940', 'ranking_string': '#976 of 1,983 Places to Eat in Phnom Penh', 'geo_location_name': 'Phnom Penh', 'ranking_out_of': '1983', 'ranking': '976'}",5.0,https://www.tripadvisor.com/img/cdsi/img2/ratings/traveler/5.0-66827-5.svg,1,"{'1': '0', '2': '0', '3': '0', '4': '0', '5': '1'}",{},7,https://www.tripadvisor.com/Restaurant_Review-g293940-d21398109-m66827-Reviews-Mab_Mab_Singapore_Chicken_Rice-Phnom_Penh.html#photos,"{'periods': [{'open': {'day': 1, 'time': '0800'}, 'close': {'day': 1, 'time': '1600'}}, {'open': {'day': 2, 'time': '0800'}, 'close': {'day': 2, 'time': '1600'}}, {'open': {'day': 3, 'time': '0800'}, 'close': {'day': 3, 'time': '1600'}}, {'open': {'day': 4, 'time': '0800'}, 'close': {'day': 4, 'time': '1600'}}, {'open': {'day': 5, 'time': '0800'}, 'close': {'day': 5, 'time': '1600'}}, {'open': {'day': 6, 'time': '0800'}, 'close': {'day': 6, 'time': '1600'}}], 'weekday_text': ['Monday: 08:00 - 16:00', 'Tuesday: 08:00 - 16:00', 'Wednesday: 08:00 - 16:00', 'Thursday: 08:00 - 16:00', 'Friday: 08:00 - 16:00', 'Saturday: 08:00 - 16:00', 'Sunday: Closed']}",[],"[{'name': 'asian', 'localized_name': 'Asian'}, {'name': 'thai', 'localized_name': 'Thai'}, {'name': 'street_food', 'localized_name': 'Street Food'}, {'name': 'singaporean', 'localized_name': 'Singaporean'}, {'name': 'cambodian', 'localized_name': 'Cambodian'}]","{'name': 'restaurant', 'localized_name': 'Restaurant'}",[],[],"[{'name': 'business', 'localized_name': 'Business', 'value': '0'}, {'name': 'couples', 'localized_name': 'Couples', 'value': '0'}, {'name': 'solo', 'localized_name': 'Solo travel', 'value': '1'}, {'name': 'family', 'localized_name': 'Family', 'value': '0'}, {'name': 'friends', 'localized_name': 'Friends getaway', 'value': '0'}]",[]
Bukmtes,18190436,Bukmtes,"The best Papaya Salad in town. We serve all kind of papaya salad here. We also serve bbq chicken, pork, fish, frog, and seafood. All kind of local and Thai drinks available here.",https://www.tripadvisor.com/Restaurant_Review-g293940-d18190436-Reviews-Bukmtes-Phnom_Penh.html?m=66827,"{'street1': 'Chivapol St. 90', 'city': 'Phnom Penh', 'country': 'Cambodia', 'postalcode': '12202', 'address_string': 'Chivapol St. 90, Phnom Penh 12202 Cambodia'}","[{'level': 'City', 'name': 'Phnom Penh', 'location_id': '293940'}, {'level': 'Country', 'name': 'Cambodia', 'location_id': '293939'}]",11.57726,104.92104,Asia/Phnom_Penh,bukmtes@gmail.com,+855 16 642 246,https://www.facebook.com/bukmtes/,https://www.tripadvisor.com/UserReview-g293940-d18190436-Bukmtes-Phnom_Penh.html?m=66827,"{'geo_location_id': '293940', 'ranking_string': '#1,082 of 1,983 Places to Eat in Phnom Penh', 'geo_location_name': 'Phnom Penh', 'ranking_out_of': '1983', 'ranking': '1082'}",5.0,https://www.tripadvisor.com/img/cdsi/img2/ratings/traveler/5.0-66827-5.svg,1,"{'1': '0', '2': '0', '3': '0', '4': '0', '5': '1'}",{},14,https://www.tripadvisor.com/Restaurant_Review-g293940-d18190436-m66827-Reviews-Bukmtes-Phnom_Penh.html#photos,$,"{'periods': [{'open': {'day': 1, 'time': '0700'}, 'close': {'day': 1, 'time': '2100'}}, {'open': {'day': 2, 'time': '0700'}, 'close': {'day': 2, 'time': '2100'}}, {'open': {'day': 3, 'time': '0700'}, 'close': {'day': 3, 'time': '2100'}}, {'open': {'day': 4, 'time': '0700'}, 'close': {'day': 4, 'time': '2100'}}, {'open': {'day': 5, 'time': '0700'}, 'close': {'day': 5, 'time': '2100'}}, {'open': {'day': 6, 'time': '0700'}, 'close': {'day': 6, 'time': '2100'}}, {'open': {'day': 7, 'time': '0700'}, 'close': {'day': 7, 'time': '2100'}}], 'weekday_text': ['Monday: 07:00 - 21:00', 'Tuesday: 07:00 - 21:00', 'Wednesday: 07:00 - 21:00', 'Thursday: 07:00 - 21:00', 'Friday: 07:00 - 21:00', 'Saturday: 07:00 - 21:00', 'Sunday: 07:00 - 21:00']}",[],"[{'name': 'barbecue', 'localized_name': 'Barbecue'}, {'name': 'asian', 'localized_name': 'Asian'}, {'name': 'thai', 'localized_name': 'Thai'}, {'name': 'street_food', 'localized_name': 'Street Food'}, {'name': 'cambodian', 'localized_name': 'Cambodian'}]","{'name': 'restaurant', 'localized_name': 'Restaurant'}","[{'name': 'sit_down', 'localized_name': 'Sit down'}]",[],"[{'name': 'business', 'localized_name': 'Business', 'value': '0'}, {'name': 'couples', 'localized_name': 'Couples', 'value': '0'}, {'name': 'solo', 'localized_name': 'Solo travel', 'value': '0'}, {'name': 'family', 'localized_name': 'Family', 'value': '0'}, {'name': 'friends', 'localized_name': 'Friends getaway', 'value': '1'}]",[]
Happy Pills Cheese Tea,19508255,Happy Pills Cheese Tea,https://www.tripadvisor.com/Restaurant_Review-g293940-d19508255-Reviews-Happy_Pills_Cheese_Tea-Phnom_Penh.html?m=66827,"{'street1': 'Street 464,#301', 'city': 'Phnom Penh', 'country': 'Cambodia', 'postalcode': '12310', 'address_string': 'Street 464,#301, Phnom Penh 12310 Cambodia'}","[{'level': 'City', 'name': 'Phnom Penh', 'location_id': '293940'}, {'level': 'Country', 'name': 'Cambodia', 'location_id': '293939'}]",11.537757,104.91393,Asia/Phnom_Penh,+855 10 550 058,https://www.tripadvisor.com/UserReview-g293940-d19508255-Happy_Pills_Cheese_Tea-Phnom_Penh.html?m=66827,"{'geo_location_id': '293940', 'ranking_string': '#1,068 of 1,983 Places to Eat in Phnom Penh', 'geo_location_name': 'Phnom Penh', 'ranking_out_of': '1983', 'ranking': '1068'}",5.0,https://www.tripadvisor.com/img/cdsi/img2/ratings/traveler/5.0-66827-5.svg,1,"{'1': '0', '2': '0', '3': '0', '4': '0', '5': '1'}",{},7,https://www.tripadvisor.com/Restaurant_Review-g293940-d19508255-m66827-Reviews-Happy_Pills_Cheese_Tea-Phnom_Penh.html#photos,"{'periods': [{'open': {'day': 1, 'time': '0900'}, 'close': {'day': 1, 'time': '2000'}}, {'open': {'day': 2, 'time': '0900'}, 'close': {'day': 2, 'time': '2000'}}, {'open': {'day': 3, 'time': '0900'}, 'close': {'day': 3, 'time': '2000'}}, {'open': {'day': 4, 'time': '0900'}, 'close': {'day': 4, 'time': '2000'}}, {'open': {'day': 5, 'time': '0900'}, 'close': {'day': 5, 'time': '2000'}}, {'open': {'day': 6, 'time': '0900'}, 'close': {'day': 6, 'time': '2000'}}, {'open': {'day': 7, 'time': '0900'}, 'close': {'day': 7, 'time': '2000'}}], 'weekday_text': ['Monday: 09:00 - 20:00', 'Tuesday: 09:00 - 20:00', 'Wednesday: 09:00 - 20:00', 'Thursday: 09:00 - 20:00', 'Friday: 09:00 - 20:00', 'Saturday: 09:00 - 20:00', 'Sunday: 09:00 - 20:00']}",[],"[{'name': 'cafe', 'localized_name': 'Cafe'}, {'name': 'asian', 'localized_name': 'Asian'}, {'name': 'thai', 'localized_name': 'Thai'}, {'name': 'street_food', 'localized_name': 'Street Food'}, {'name': 'cambodian', 'localized_name': 'Cambodian'}]","{'name': 'restaurant', 'localized_name': 'Restaurant'}",[],[],"[{'name': 'business', 'localized_name': 'Business', 'value': '0'}, {'name': 'couples', 'localized_name': 'Couples', 'value': '0'}, {'name': 'solo', 'localized_name': 'Solo travel', 'value': '0'}, {'name': 'family', 'localized_name': 'Family', 'value': '0'}, {'name': 'friends', 'localized_name': 'Friends getaway', 'value': '1'}]",[]
ម្ជូរវត្តភ្នំ168,9728274,Phum Sach Ang 168,Piphup Sachang 168 is most leading barbecue restaurant in the city that we guarantee all the customers will deserved very perfect meal with various of meats and others delicious foods from our profession chef.,https://www.tripadvisor.com/Restaurant_Review-g612362-d9728274-Reviews-Phum_Sach_Ang_168-Phume_Phnom_Battambang_Province.html?m=66827,"{'street1': '#20 street 488 Psa Derm Tkov', 'city': 'Phume Phnom', 'state': 'Battambang Province', 'country': 'Cambodia', 'address_string': '#20 street 488 Psa Derm Tkov, Phume Phnom Cambodia'}","[{'level': 'City', 'name': 'Phume Phnom', 'location_id': '612362'}, {'level': 'Province', 'name': 'Battambang Province', 'location_id': '2366626'}, {'level': 'Country', 'name': 'Cambodia', 'location_id': '293939'}]",11.579409,104.89019,Asia/Phnom_Penh,+855 86 780 168,https://www.facebook.com/PhumSachAng168/,https://www.tripadvisor.com/UserReview-g612362-d9728274-Phum_Sach_Ang_168-Phume_Phnom_Battambang_Province.html?m=66827,"{'geo_location_id': '612362', 'ranking_string': '#2 of 8 Places to Eat in Phume Phnom', 'geo_location_name': 'Phume Phnom', 'ranking_out_of': '8', 'ranking': '2'}",4.0,https://www.tripadvisor.com/img/cdsi/img2/ratings/traveler/4.0-66827-5.svg,2,"{'1': '0', '2': '0', '3': '1', '4': '0', '5': '1'}","{'0': {'name': 'rate_food', 'localized_name': 'Food', 'rating_image_url': 'https://static.tacdn.com/img2/ratings/traveler/ss4.0.svg', 'value': '4.0'}, '1': {'name': 'rate_service', 'localized_name': 'Service', 'rating_image_url': 'https://static.tacdn.com/img2/ratings/traveler/ss5.0.svg', 'value': '5.0'}, '2': {'name': 'rate_value', 'localized_name': 'Value', 'rating_image_url': 'https://static.tacdn.com/img2/ratings/traveler/ss5.0.svg', 'value': '5.0'}}",0,https://www.tripadvisor.com/Restaurant_Review-g612362-d9728274-m66827-Reviews-Phum_Sach_Ang_168-Phume_Phnom_Battambang_Province.html#photos,$,[],"[{'name': 'chinese', 'localized_name': 'Chinese'}, {'name': 'barbecue', 'localized_name': 'Barbecue'}, {'name': 'asian', 'localized_name': 'Asian'}, {'name': 'thai', 'localized_name': 'Thai'}, {'name': 'cambodian', 'localized_name': 'Cambodian'}]","{'name': 'restaurant', 'localized_name': 'Restaurant'}","[{'name': 'sit_down', 'localized_name': 'Sit down'}]",[],"[{'name': 'business', 'localized_name': 'Business', 'value': '0'}, {'name': 'couples', 'localized_name': 'Couples', 'value': '1'}, {'name': 'solo', 'localized_name': 'Solo travel', 'value': '0'}, {'name': 'family', 'localized_name': 'Family', 'value': '0'}, {'name': 'friends', 'localized_name': 'Friends getaway', 'value': '0'}]",[]
Meet & Eat,25312293,Meet Friends,https://www.tripadvisor.com/Restaurant_Review-g293940-d25312293-Reviews-Meet_Friends-Phnom_Penh.html?m=66827,"{'street1': '36e Street 172', 'city': 'Phnom Penh', 'country': 'Cambodia', 'address_string': '36e Street 172, Phnom Penh Cambodia'}","[{'level': 'City', 'name': 'Phnom Penh', 'location_id': '293940'}, {'level': 'Country', 'name': 'Cambodia', 'location_id': '293939'}]",11.563291,104.92013,Asia/Phnom_Penh,+855 85 722 240,https://www.tripadvisor.com/UserReview-g293940-d25312293-Meet_Friends-Phnom_Penh.html?m=66827,"{'geo_location_id': '293940', 'ranking_string': '#1,113 of 1,983 Places to Eat in Phnom Penh', 'geo_location_name': 'Phnom Penh', 'ranking_out_of': '1983', 'ranking': '1113'}",4.0,https://www.tripadvisor.com/img/cdsi/img2/ratings/traveler/4.0-66827-5.svg,1,"{'1': '0', '2': '0', '3': '0', '4': '1', '5': '0'}","{'0': {'name': 'rate_food', 'localized_name': 'Food', 'rating_image_url': 'https://static.tacdn.com/img2/ratings/traveler/ss3.0.svg', 'value': '3.0'}, '1': {'name': 'rate_atmosphere', 'localized_name': 'Atmosphere', 'rating_image_url': 'https://static.tacdn.com/img2/ratings/traveler/ss2.0.svg', 'value': '2.0'}, '2': {'name': 'rate_service', 'localized_name': 'Service', 'rating_image_url': 'https://static.tacdn.com/img2/ratings/traveler/ss4.0.svg', 'value': '4.0'}, '3': {'name': 'rate_value', 'localized_name': 'Value', 'rating_image_url': 'https://static.tacdn.com/img2/ratings/traveler/ss3.0.svg', 'value': '3.0'}}",0,https://www.tripadvisor.com/Restaurant_Review-g293940-d25312293-m66827-Reviews-Meet_Friends-Phnom_Penh.html#photos,"{'periods': [{'open': {'day': 1, 'time': '0800'}, 'close': {'day': 1, 'time': '2200'}}, {'open': {'day': 2, 'time': '0800'}, 'close': {'day': 2, 'time': '2200'}}, {'open': {'day': 3, 'time': '0800'}, 'close': {'day': 3, 'time': '2200'}}, {'open': {'day': 4, 'time': '0800'}, 'close': {'day': 4, 'time': '2200'}}, {'open': {'day': 5, 'time': '0800'}, 'close': {'day': 5, 'time': '2200'}}, {'open': {'day': 6, 'time': '0800'}, 'close': {'day': 6, 'time': '2200'}}, {'open': {'day': 7, 'time': '0800'}, 'close': {'day': 7, 'time': '2200'}}], 'weekday_text': ['Monday: 08:00 - 22:00', 'Tuesday: 08:00 - 22:00', 'Wednesday: 08:00 - 22:00', 'Thursday: 08:00 - 22:00', 'Friday: 08:00 - 22:00', 'Saturday: 08:00 - 22:00', 'Sunday: 08:00 - 22:00']}","['Cash Only', 'Delivery', 'Digital Payments', 'Free Wifi', 'Serves Alcohol', 'Street Parking', 'Wine and Beer']","[{'name': 'asian', 'localized_name': 'Asian'}, {'name': 'contemporary', 'localized_name': 'Contemporary'}, {'name': 'cambodian', 'localized_name': 'Cambodian'}]","{'name': 'restaurant', 'localized_name': 'Restaurant'}",[],[],"[{'name': 'business', 'localized_name': 'Business', 'value': '0'}, {'name': 'couples', 'localized_name': 'Couples', 'value': '0'}, {'name': 'solo', 'localized_name': 'Solo travel', 'value': '1'}, {'name': 'family', 'localized_name': 'Family', 'value': '0'}, {'name': 'friends', 'localized_name': 'Friends getaway', 'value': '0'}]",[]
009 Sisowath Meatballs,2073075,Sisowath Quay,https://www.tripadvisor.com/Attraction_Review-g293940-d2073075-Reviews-Sisowath_Quay-Phnom_Penh.html?m=66827,"{'street1': '', 'street2': '', 'city': 'Phnom Penh', 'country': 'Cambodia', 'postalcode': '', 'address_string': 'Phnom Penh Cambodia'}","[{'level': 'City', 'name': 'Phnom Penh', 'location_id': '293940'}, {'level': 'Country', 'name': 'Cambodia', 'location_id': '293939'}]",11.570691,104.92982,Asia/Phnom_Penh,https://www.tripadvisor.com/UserReview-g293940-d2073075-Sisowath_Quay-Phnom_Penh.html?m=66827,"{'geo_location_id': '293940', 'ranking_string': '#11 of 164 things to do in Phnom Penh', 'geo_location_name': 'Phnom Penh', 'ranking_out_of': '164', 'ranking': '11'}",4.0,https://www.tripadvisor.com/img/cdsi/img2/ratings/traveler/4.0-66827-5.svg,1381,"{'1': '17', '2': '46', '3': '279', '4': '646', '5': '393'}",958,https://www.tripadvisor.com/Attraction_Review-g293940-d2073075-m66827-Reviews-Sisowath_Quay-Phnom_Penh.html#photos,"{'name': 'attraction', 'localized_name': 'Attraction'}","[{'name': 'landmarks', 'localized_name': 'Sights & Landmarks'}, {'name': 'attractions', 'localized_name': 'Attractions'}]","[{'name': 'Sights & Landmarks', 'localized_name': 'Sights & Landmarks', 'categories': [{'name': 'Points of Interest & Landmarks', 'localized_name': 'Points of Interest & Landmarks'}]}]",[],"[{'name': 'business', 'localized_name': 'Business', 'value': '46'}, {'name': 'couples', 'localized_name': 'Couples', 'value': '470'}, {'name': 'solo', 'localized_name': 'Solo travel', 'value': '327'}, {'name': 'family', 'localized_name': 'Family', 'value': '142'}, {'name': 'friends', 'localized_name': 'Friends getaway', 'value': '256'}]",[]
